raceId,year,round,circuitId,name,date,time,url,fp1_date,fp1_time,fp2_date,fp2_time,fp3_date,fp3_time,quali_date,quali_time,sprint_date,sprint_time,date and name,fastestLapTimeSeconds
1,2009,1,1,Australian Grand Prix,2009-03-29,06:00:00,http://en.wikipedia.org/wiki/2009_Australian_Grand_Prix,\N,\N,\N,\N,\N,\N,\N,\N,\N,\N,2009-03-29 Australian Grand Prix,87.706
2,2009,2,2,Malaysian Grand Prix,2009-04-05,09:00:00,http://en.wikipedia.org/wiki/2009_Malaysian_Grand_Prix,\N,\N,\N,\N,\N,\N,\N,\N,\N,\N,2009-04-05 Malaysian Grand Prix,96.64099999999999
3,2009,3,17,Chinese Grand Prix,2009-04-19,07:00:00,http://en.wikipedia.org/wiki/2009_Chinese_Grand_Prix,\N,\N,\N,\N,\N,\N,\N,\N,\N,\N,2009-04-19 Chinese Grand Prix,112.592
4,2009,4,3,Bahrain Grand Prix,2009-04-26,12:00:00,http://en.wikipedia.org/wiki/2009_Bahrain_Grand_Prix,\N,\N,\N,\N,\N,\N,\N,\N,\N,\N,2009-04-26 Bahrain Grand Prix,94.556
5,2009,5,4,Spanish Grand Prix,2009-05-10,12:00:00,http://en.wikipedia.org/wiki/2009_Spanish_Grand_Prix,\N,\N,\N,\N,\N,\N,\N,\N,\N,\N,2009-05-10 Spanish Grand Prix,82.762
6,2009,6,6,Monaco Grand Prix,2009-05-24,12:00:00,http://en.wikipedia.org/wiki/2009_Monaco_Grand_Prix,\N,\N,\N,\N,\N,\N,\N,\N,\N,\N,2009-05-24 Monaco Grand Prix,75.154
7,2009,7,5,Turkish Grand Prix,2009-06-07,12:00:00,http://en.wikipedia.org/wiki/2009_Turkish_Grand_Prix,\N,\N,\N,\N,\N,\N,\N,\N,\N,\N,2009-06-07 Turkish Grand Prix,87.57900000000001
8,2009,8,9,British Grand Prix,2009-06-21,12:00:00,http://en.wikipedia.org/wiki/2009_British_Grand_Prix,\N,\N,\N,\N,\N,\N,\N,\N,\N,\N,2009-06-21 British Grand Prix,80.735
9,2009,9,20,German Grand Prix,2009-07-12,12:00:00,http://en.wikipedia.org/wiki/2009_German_Grand_Prix,\N,\N,\N,\N,\N,\N,\N,\N,\N,\N,2009-07-12 German Grand Prix,93.36500000000001
10,2009,10,11,Hungarian Grand Prix,2009-07-26,12:00:00,http://en.wikipedia.org/wiki/2009_Hungarian_Grand_Prix,\N,\N,\N,\N,\N,\N,\N,\N,\N,\N,2009-07-26 Hungarian Grand Prix,81.931
11,2009,11,12,European Grand Prix,2009-08-23,12:00:00,http://en.wikipedia.org/wiki/2009_European_Grand_Prix,\N,\N,\N,\N,\N,\N,\N,\N,\N,\N,2009-08-23 European Grand Prix,98.68299999999999
12,2009,12,13,Belgian Grand Prix,2009-08-30,12:00:00,http://en.wikipedia.org/wiki/2009_Belgian_Grand_Prix,\N,\N,\N,\N,\N,\N,\N,\N,\N,\N,2009-08-30 Belgian Grand Prix,107.263
13,2009,13,14,Italian Grand Prix,2009-09-13,12:00:00,http://en.wikipedia.org/wiki/2009_Italian_Grand_Prix,\N,\N,\N,\N,\N,\N,\N,\N,\N,\N,2009-09-13 Italian Grand Prix,84.739
14,2009,14,15,Singapore Grand Prix,2009-09-27,12:00:00,http://en.wikipedia.org/wiki/2009_Singapore_Grand_Prix,\N,\N,\N,\N,\N,\N,\N,\N,\N,\N,2009-09-27 Singapore Grand Prix,108.24000000000001
15,2009,15,22,Japanese Grand Prix,2009-10-04,05:00:00,http://en.wikipedia.org/wiki/2009_Japanese_Grand_Prix,\N,\N,\N,\N,\N,\N,\N,\N,\N,\N,2009-10-04 Japanese Grand Prix,92.569
16,2009,16,18,Brazilian Grand Prix,2009-10-18,16:00:00,http://en.wikipedia.org/wiki/2009_Brazilian_Grand_Prix,\N,\N,\N,\N,\N,\N,\N,\N,\N,\N,2009-10-18 Brazilian Grand Prix,73.733
17,2009,17,24,Abu Dhabi Grand Prix,2009-11-01,11:00:00,http://en.wikipedia.org/wiki/2009_Abu_Dhabi_Grand_Prix,\N,\N,\N,\N,\N,\N,\N,\N,\N,\N,2009-11-01 Abu Dhabi Grand Prix,100.279
18,2008,1,1,Australian Grand Prix,2008-03-16,04:30:00,http://en.wikipedia.org/wiki/2008_Australian_Grand_Prix,\N,\N,\N,\N,\N,\N,\N,\N,\N,\N,2008-03-16 Australian Grand Prix,87.418
19,2008,2,2,Malaysian Grand Prix,2008-03-23,07:00:00,http://en.wikipedia.org/wiki/2008_Malaysian_Grand_Prix,\N,\N,\N,\N,\N,\N,\N,\N,\N,\N,2008-03-23 Malaysian Grand Prix,95.366
20,2008,3,3,Bahrain Grand Prix,2008-04-06,11:30:00,http://en.wikipedia.org/wiki/2008_Bahrain_Grand_Prix,\N,\N,\N,\N,\N,\N,\N,\N,\N,\N,2008-04-06 Bahrain Grand Prix,93.193
21,2008,4,4,Spanish Grand Prix,2008-04-27,12:00:00,http://en.wikipedia.org/wiki/2008_Spanish_Grand_Prix,\N,\N,\N,\N,\N,\N,\N,\N,\N,\N,2008-04-27 Spanish Grand Prix,81.67
22,2008,5,5,Turkish Grand Prix,2008-05-11,12:00:00,http://en.wikipedia.org/wiki/2008_Turkish_Grand_Prix,\N,\N,\N,\N,\N,\N,\N,\N,\N,\N,2008-05-11 Turkish Grand Prix,86.506
23,2008,6,6,Monaco Grand Prix,2008-05-25,12:00:00,http://en.wikipedia.org/wiki/2008_Monaco_Grand_Prix,\N,\N,\N,\N,\N,\N,\N,\N,\N,\N,2008-05-25 Monaco Grand Prix,76.689
24,2008,7,7,Canadian Grand Prix,2008-06-08,17:00:00,http://en.wikipedia.org/wiki/2008_Canadian_Grand_Prix,\N,\N,\N,\N,\N,\N,\N,\N,\N,\N,2008-06-08 Canadian Grand Prix,77.387
25,2008,8,8,French Grand Prix,2008-06-22,12:00:00,http://en.wikipedia.org/wiki/2008_French_Grand_Prix,\N,\N,\N,\N,\N,\N,\N,\N,\N,\N,2008-06-22 French Grand Prix,76.63
26,2008,9,9,British Grand Prix,2008-07-06,12:00:00,http://en.wikipedia.org/wiki/2008_British_Grand_Prix,\N,\N,\N,\N,\N,\N,\N,\N,\N,\N,2008-07-06 British Grand Prix,92.15
27,2008,10,10,German Grand Prix,2008-07-20,12:00:00,http://en.wikipedia.org/wiki/2008_German_Grand_Prix,\N,\N,\N,\N,\N,\N,\N,\N,\N,\N,2008-07-20 German Grand Prix,75.987
28,2008,11,11,Hungarian Grand Prix,2008-08-03,12:00:00,http://en.wikipedia.org/wiki/2008_Hungarian_Grand_Prix,\N,\N,\N,\N,\N,\N,\N,\N,\N,\N,2008-08-03 Hungarian Grand Prix,81.195
29,2008,12,12,European Grand Prix,2008-08-24,12:00:00,http://en.wikipedia.org/wiki/2008_European_Grand_Prix,\N,\N,\N,\N,\N,\N,\N,\N,\N,\N,2008-08-24 European Grand Prix,98.708
30,2008,13,13,Belgian Grand Prix,2008-09-07,12:00:00,http://en.wikipedia.org/wiki/2008_Belgian_Grand_Prix,\N,\N,\N,\N,\N,\N,\N,\N,\N,\N,2008-09-07 Belgian Grand Prix,107.93
31,2008,14,14,Italian Grand Prix,2008-09-14,12:00:00,http://en.wikipedia.org/wiki/2008_Italian_Grand_Prix,\N,\N,\N,\N,\N,\N,\N,\N,\N,\N,2008-09-14 Italian Grand Prix,88.047
32,2008,15,15,Singapore Grand Prix,2008-09-28,12:00:00,http://en.wikipedia.org/wiki/2008_Singapore_Grand_Prix,\N,\N,\N,\N,\N,\N,\N,\N,\N,\N,2008-09-28 Singapore Grand Prix,105.59899999999999
33,2008,16,16,Japanese Grand Prix,2008-10-12,04:30:00,http://en.wikipedia.org/wiki/2008_Japanese_Grand_Prix,\N,\N,\N,\N,\N,\N,\N,\N,\N,\N,2008-10-12 Japanese Grand Prix,78.426
34,2008,17,17,Chinese Grand Prix,2008-10-19,07:00:00,http://en.wikipedia.org/wiki/2008_Chinese_Grand_Prix,\N,\N,\N,\N,\N,\N,\N,\N,\N,\N,2008-10-19 Chinese Grand Prix,96.325
35,2008,18,18,Brazilian Grand Prix,2008-11-02,17:00:00,http://en.wikipedia.org/wiki/2008_Brazilian_Grand_Prix,\N,\N,\N,\N,\N,\N,\N,\N,\N,\N,2008-11-02 Brazilian Grand Prix,73.736
36,2007,1,1,Australian Grand Prix,2007-03-18,03:00:00,http://en.wikipedia.org/wiki/2007_Australian_Grand_Prix,\N,\N,\N,\N,\N,\N,\N,\N,\N,\N,2007-03-18 Australian Grand Prix,85.235
37,2007,2,2,Malaysian Grand Prix,2007-04-08,07:00:00,http://en.wikipedia.org/wiki/2007_Malaysian_Grand_Prix,\N,\N,\N,\N,\N,\N,\N,\N,\N,\N,2007-04-08 Malaysian Grand Prix,96.701
38,2007,3,3,Bahrain Grand Prix,2007-04-15,11:30:00,http://en.wikipedia.org/wiki/2007_Bahrain_Grand_Prix,\N,\N,\N,\N,\N,\N,\N,\N,\N,\N,2007-04-15 Bahrain Grand Prix,94.06700000000001
39,2007,4,4,Spanish Grand Prix,2007-05-13,12:00:00,http://en.wikipedia.org/wiki/2007_Spanish_Grand_Prix,\N,\N,\N,\N,\N,\N,\N,\N,\N,\N,2007-05-13 Spanish Grand Prix,82.68
40,2007,5,6,Monaco Grand Prix,2007-05-27,12:00:00,http://en.wikipedia.org/wiki/2007_Monaco_Grand_Prix,\N,\N,\N,\N,\N,\N,\N,\N,\N,\N,2007-05-27 Monaco Grand Prix,75.284
41,2007,6,7,Canadian Grand Prix,2007-06-10,17:00:00,http://en.wikipedia.org/wiki/2007_Canadian_Grand_Prix,\N,\N,\N,\N,\N,\N,\N,\N,\N,\N,2007-06-10 Canadian Grand Prix,76.367
42,2007,7,19,United States Grand Prix,2007-06-17,17:00:00,http://en.wikipedia.org/wiki/2007_United_States_Grand_Prix,\N,\N,\N,\N,\N,\N,\N,\N,\N,\N,2007-06-17 United States Grand Prix,73.117
43,2007,8,8,French Grand Prix,2007-07-01,12:00:00,http://en.wikipedia.org/wiki/2007_French_Grand_Prix,\N,\N,\N,\N,\N,\N,\N,\N,\N,\N,2007-07-01 French Grand Prix,76.099
44,2007,9,9,British Grand Prix,2007-07-08,12:00:00,http://en.wikipedia.org/wiki/2007_British_Grand_Prix,\N,\N,\N,\N,\N,\N,\N,\N,\N,\N,2007-07-08 British Grand Prix,80.638
45,2007,10,20,European Grand Prix,2007-07-22,12:00:00,http://en.wikipedia.org/wiki/2007_European_Grand_Prix,\N,\N,\N,\N,\N,\N,\N,\N,\N,\N,2007-07-22 European Grand Prix,92.85300000000001
46,2007,11,11,Hungarian Grand Prix,2007-08-05,12:00:00,http://en.wikipedia.org/wiki/2007_Hungarian_Grand_Prix,\N,\N,\N,\N,\N,\N,\N,\N,\N,\N,2007-08-05 Hungarian Grand Prix,80.047
47,2007,12,5,Turkish Grand Prix,2007-08-26,12:00:00,http://en.wikipedia.org/wiki/2007_Turkish_Grand_Prix,\N,\N,\N,\N,\N,\N,\N,\N,\N,\N,2007-08-26 Turkish Grand Prix,87.295
48,2007,13,14,Italian Grand Prix,2007-09-09,12:00:00,http://en.wikipedia.org/wiki/2007_Italian_Grand_Prix,\N,\N,\N,\N,\N,\N,\N,\N,\N,\N,2007-09-09 Italian Grand Prix,82.871
49,2007,14,13,Belgian Grand Prix,2007-09-16,12:00:00,http://en.wikipedia.org/wiki/2007_Belgian_Grand_Prix,\N,\N,\N,\N,\N,\N,\N,\N,\N,\N,2007-09-16 Belgian Grand Prix,108.036
50,2007,15,16,Japanese Grand Prix,2007-09-30,04:30:00,http://en.wikipedia.org/wiki/2007_Japanese_Grand_Prix,\N,\N,\N,\N,\N,\N,\N,\N,\N,\N,2007-09-30 Japanese Grand Prix,88.193
51,2007,16,17,Chinese Grand Prix,2007-10-07,06:00:00,http://en.wikipedia.org/wiki/2007_Chinese_Grand_Prix,\N,\N,\N,\N,\N,\N,\N,\N,\N,\N,2007-10-07 Chinese Grand Prix,97.45400000000001
52,2007,17,18,Brazilian Grand Prix,2007-10-21,16:00:00,http://en.wikipedia.org/wiki/2007_Brazilian_Grand_Prix,\N,\N,\N,\N,\N,\N,\N,\N,\N,\N,2007-10-21 Brazilian Grand Prix,72.445
53,2006,1,3,Bahrain Grand Prix,2006-03-12,14:30:00,http://en.wikipedia.org/wiki/2006_Bahrain_Grand_Prix,\N,\N,\N,\N,\N,\N,\N,\N,\N,\N,2006-03-12 Bahrain Grand Prix,92.408
54,2006,2,2,Malaysian Grand Prix,2006-03-19,15:00:00,http://en.wikipedia.org/wiki/2006_Malaysian_Grand_Prix,\N,\N,\N,\N,\N,\N,\N,\N,\N,\N,2006-03-19 Malaysian Grand Prix,94.803
55,2006,3,1,Australian Grand Prix,2006-04-02,14:00:00,http://en.wikipedia.org/wiki/2006_Australian_Grand_Prix,\N,\N,\N,\N,\N,\N,\N,\N,\N,\N,2006-04-02 Australian Grand Prix,86.045
56,2006,4,21,San Marino Grand Prix,2006-04-23,14:00:00,http://en.wikipedia.org/wiki/2006_San_Marino_Grand_Prix,\N,\N,\N,\N,\N,\N,\N,\N,\N,\N,2006-04-23 San Marino Grand Prix,84.569
57,2006,5,20,European Grand Prix,2006-05-07,14:00:00,http://en.wikipedia.org/wiki/2006_European_Grand_Prix,\N,\N,\N,\N,\N,\N,\N,\N,\N,\N,2006-05-07 European Grand Prix,92.09899999999999
58,2006,6,4,Spanish Grand Prix,2006-05-14,14:00:00,http://en.wikipedia.org/wiki/2006_Spanish_Grand_Prix,\N,\N,\N,\N,\N,\N,\N,\N,\N,\N,2006-05-14 Spanish Grand Prix,76.648
59,2006,7,6,Monaco Grand Prix,2006-05-28,14:00:00,http://en.wikipedia.org/wiki/2006_Monaco_Grand_Prix,\N,\N,\N,\N,\N,\N,\N,\N,\N,\N,2006-05-28 Monaco Grand Prix,75.143
60,2006,8,9,British Grand Prix,2006-06-11,12:00:00,http://en.wikipedia.org/wiki/2006_British_Grand_Prix,\N,\N,\N,\N,\N,\N,\N,\N,\N,\N,2006-06-11 British Grand Prix,81.599
61,2006,9,7,Canadian Grand Prix,2006-06-25,13:00:00,http://en.wikipedia.org/wiki/2006_Canadian_Grand_Prix,\N,\N,\N,\N,\N,\N,\N,\N,\N,\N,2006-06-25 Canadian Grand Prix,75.841
62,2006,10,19,United States Grand Prix,2006-07-02,14:00:00,http://en.wikipedia.org/wiki/2006_United_States_Grand_Prix,\N,\N,\N,\N,\N,\N,\N,\N,\N,\N,2006-07-02 United States Grand Prix,72.719
63,2006,11,8,French Grand Prix,2006-07-16,14:00:00,http://en.wikipedia.org/wiki/2006_French_Grand_Prix,\N,\N,\N,\N,\N,\N,\N,\N,\N,\N,2006-07-16 French Grand Prix,77.111
64,2006,12,10,German Grand Prix,2006-07-30,14:00:00,http://en.wikipedia.org/wiki/2006_German_Grand_Prix,\N,\N,\N,\N,\N,\N,\N,\N,\N,\N,2006-07-30 German Grand Prix,76.357
65,2006,13,11,Hungarian Grand Prix,2006-08-06,14:00:00,http://en.wikipedia.org/wiki/2006_Hungarian_Grand_Prix,\N,\N,\N,\N,\N,\N,\N,\N,\N,\N,2006-08-06 Hungarian Grand Prix,83.51599999999999
66,2006,14,5,Turkish Grand Prix,2006-08-27,15:00:00,http://en.wikipedia.org/wiki/2006_Turkish_Grand_Prix,\N,\N,\N,\N,\N,\N,\N,\N,\N,\N,2006-08-27 Turkish Grand Prix,88.005
67,2006,15,14,Italian Grand Prix,2006-09-10,14:00:00,http://en.wikipedia.org/wiki/2006_Italian_Grand_Prix,\N,\N,\N,\N,\N,\N,\N,\N,\N,\N,2006-09-10 Italian Grand Prix,82.559
68,2006,16,17,Chinese Grand Prix,2006-10-01,14:00:00,http://en.wikipedia.org/wiki/2006_Chinese_Grand_Prix,\N,\N,\N,\N,\N,\N,\N,\N,\N,\N,2006-10-01 Chinese Grand Prix,97.586
69,2006,17,22,Japanese Grand Prix,2006-10-08,14:00:00,http://en.wikipedia.org/wiki/2006_Japanese_Grand_Prix,\N,\N,\N,\N,\N,\N,\N,\N,\N,\N,2006-10-08 Japanese Grand Prix,92.676
70,2006,18,18,Brazilian Grand Prix,2006-10-22,14:00:00,http://en.wikipedia.org/wiki/2006_Brazilian_Grand_Prix,\N,\N,\N,\N,\N,\N,\N,\N,\N,\N,2006-10-22 Brazilian Grand Prix,72.162
71,2005,1,1,Australian Grand Prix,2005-03-06,14:00:00,http://en.wikipedia.org/wiki/2005_Australian_Grand_Prix,\N,\N,\N,\N,\N,\N,\N,\N,\N,\N,2005-03-06 Australian Grand Prix,85.68299999999999
72,2005,2,2,Malaysian Grand Prix,2005-03-20,15:00:00,http://en.wikipedia.org/wiki/2005_Malaysian_Grand_Prix,\N,\N,\N,\N,\N,\N,\N,\N,\N,\N,2005-03-20 Malaysian Grand Prix,95.483
73,2005,3,3,Bahrain Grand Prix,2005-04-03,14:30:00,http://en.wikipedia.org/wiki/2005_Bahrain_Grand_Prix,\N,\N,\N,\N,\N,\N,\N,\N,\N,\N,2005-04-03 Bahrain Grand Prix,91.447
74,2005,4,21,San Marino Grand Prix,2005-04-24,14:00:00,http://en.wikipedia.org/wiki/2005_San_Marino_Grand_Prix,\N,\N,\N,\N,\N,\N,\N,\N,\N,\N,2005-04-24 San Marino Grand Prix,81.858
75,2005,5,4,Spanish Grand Prix,2005-05-08,14:00:00,http://en.wikipedia.org/wiki/2005_Spanish_Grand_Prix,\N,\N,\N,\N,\N,\N,\N,\N,\N,\N,2005-05-08 Spanish Grand Prix,75.641
76,2005,6,6,Monaco Grand Prix,2005-05-22,14:00:00,http://en.wikipedia.org/wiki/2005_Monaco_Grand_Prix,\N,\N,\N,\N,\N,\N,\N,\N,\N,\N,2005-05-22 Monaco Grand Prix,75.842
77,2005,7,20,European Grand Prix,2005-05-29,14:00:00,http://en.wikipedia.org/wiki/2005_European_Grand_Prix,\N,\N,\N,\N,\N,\N,\N,\N,\N,\N,2005-05-29 European Grand Prix,90.711
78,2005,8,7,Canadian Grand Prix,2005-06-12,13:00:00,http://en.wikipedia.org/wiki/2005_Canadian_Grand_Prix,\N,\N,\N,\N,\N,\N,\N,\N,\N,\N,2005-06-12 Canadian Grand Prix,74.384
79,2005,9,19,United States Grand Prix,2005-06-19,14:00:00,http://en.wikipedia.org/wiki/2005_United_States_Grand_Prix,\N,\N,\N,\N,\N,\N,\N,\N,\N,\N,2005-06-19 United States Grand Prix,71.497
80,2005,10,8,French Grand Prix,2005-07-03,14:00:00,http://en.wikipedia.org/wiki/2005_French_Grand_Prix,\N,\N,\N,\N,\N,\N,\N,\N,\N,\N,2005-07-03 French Grand Prix,76.423
81,2005,11,9,British Grand Prix,2005-07-10,14:00:00,http://en.wikipedia.org/wiki/2005_British_Grand_Prix,\N,\N,\N,\N,\N,\N,\N,\N,\N,\N,2005-07-10 British Grand Prix,80.502
82,2005,12,10,German Grand Prix,2005-07-24,14:00:00,http://en.wikipedia.org/wiki/2005_German_Grand_Prix,\N,\N,\N,\N,\N,\N,\N,\N,\N,\N,2005-07-24 German Grand Prix,74.873
83,2005,13,11,Hungarian Grand Prix,2005-07-31,14:00:00,http://en.wikipedia.org/wiki/2005_Hungarian_Grand_Prix,\N,\N,\N,\N,\N,\N,\N,\N,\N,\N,2005-07-31 Hungarian Grand Prix,81.219
84,2005,14,5,Turkish Grand Prix,2005-08-21,15:00:00,http://en.wikipedia.org/wiki/2005_Turkish_Grand_Prix,\N,\N,\N,\N,\N,\N,\N,\N,\N,\N,2005-08-21 Turkish Grand Prix,84.77
85,2005,15,14,Italian Grand Prix,2005-09-04,14:00:00,http://en.wikipedia.org/wiki/2005_Italian_Grand_Prix,\N,\N,\N,\N,\N,\N,\N,\N,\N,\N,2005-09-04 Italian Grand Prix,81.504
86,2005,16,13,Belgian Grand Prix,2005-09-11,14:00:00,http://en.wikipedia.org/wiki/2005_Belgian_Grand_Prix,\N,\N,\N,\N,\N,\N,\N,\N,\N,\N,2005-09-11 Belgian Grand Prix,111.453
87,2005,17,18,Brazilian Grand Prix,2005-09-25,14:00:00,http://en.wikipedia.org/wiki/2005_Brazilian_Grand_Prix,\N,\N,\N,\N,\N,\N,\N,\N,\N,\N,2005-09-25 Brazilian Grand Prix,72.268
88,2005,18,22,Japanese Grand Prix,2005-10-09,14:00:00,http://en.wikipedia.org/wiki/2005_Japanese_Grand_Prix,\N,\N,\N,\N,\N,\N,\N,\N,\N,\N,2005-10-09 Japanese Grand Prix,91.53999999999999
89,2005,19,17,Chinese Grand Prix,2005-10-16,14:00:00,http://en.wikipedia.org/wiki/2005_Chinese_Grand_Prix,\N,\N,\N,\N,\N,\N,\N,\N,\N,\N,2005-10-16 Chinese Grand Prix,93.24199999999999
90,2004,1,1,Australian Grand Prix,2004-03-07,\N,http://en.wikipedia.org/wiki/2004_Australian_Grand_Prix,\N,\N,\N,\N,\N,\N,\N,\N,\N,\N,2004-03-07 Australian Grand Prix,84.125
91,2004,2,2,Malaysian Grand Prix,2004-03-21,\N,http://en.wikipedia.org/wiki/2004_Malaysian_Grand_Prix,\N,\N,\N,\N,\N,\N,\N,\N,\N,\N,2004-03-21 Malaysian Grand Prix,94.223
92,2004,3,3,Bahrain Grand Prix,2004-04-04,\N,http://en.wikipedia.org/wiki/2004_Bahrain_Grand_Prix,\N,\N,\N,\N,\N,\N,\N,\N,\N,\N,2004-04-04 Bahrain Grand Prix,90.252
93,2004,4,21,San Marino Grand Prix,2004-04-25,\N,http://en.wikipedia.org/wiki/2004_San_Marino_Grand_Prix,\N,\N,\N,\N,\N,\N,\N,\N,\N,\N,2004-04-25 San Marino Grand Prix,80.411
94,2004,5,4,Spanish Grand Prix,2004-05-09,\N,http://en.wikipedia.org/wiki/2004_Spanish_Grand_Prix,\N,\N,\N,\N,\N,\N,\N,\N,\N,\N,2004-05-09 Spanish Grand Prix,77.45
95,2004,6,6,Monaco Grand Prix,2004-05-23,\N,http://en.wikipedia.org/wiki/2004_Monaco_Grand_Prix,\N,\N,\N,\N,\N,\N,\N,\N,\N,\N,2004-05-23 Monaco Grand Prix,74.439
96,2004,7,20,European Grand Prix,2004-05-30,\N,http://en.wikipedia.org/wiki/2004_European_Grand_Prix,\N,\N,\N,\N,\N,\N,\N,\N,\N,\N,2004-05-30 European Grand Prix,89.468
97,2004,8,7,Canadian Grand Prix,2004-06-13,\N,http://en.wikipedia.org/wiki/2004_Canadian_Grand_Prix,\N,\N,\N,\N,\N,\N,\N,\N,\N,\N,2004-06-13 Canadian Grand Prix,73.622
98,2004,9,19,United States Grand Prix,2004-06-20,\N,http://en.wikipedia.org/wiki/2004_United_States_Grand_Prix,\N,\N,\N,\N,\N,\N,\N,\N,\N,\N,2004-06-20 United States Grand Prix,70.399
99,2004,10,8,French Grand Prix,2004-07-04,\N,http://en.wikipedia.org/wiki/2004_French_Grand_Prix,\N,\N,\N,\N,\N,\N,\N,\N,\N,\N,2004-07-04 French Grand Prix,75.377
100,2004,11,9,British Grand Prix,2004-07-11,\N,http://en.wikipedia.org/wiki/2004_British_Grand_Prix,\N,\N,\N,\N,\N,\N,\N,\N,\N,\N,2004-07-11 British Grand Prix,78.739
101,2004,12,10,German Grand Prix,2004-07-25,\N,http://en.wikipedia.org/wiki/2004_German_Grand_Prix,\N,\N,\N,\N,\N,\N,\N,\N,\N,\N,2004-07-25 German Grand Prix,73.78
102,2004,13,11,Hungarian Grand Prix,2004-08-15,\N,http://en.wikipedia.org/wiki/2004_Hungarian_Grand_Prix,\N,\N,\N,\N,\N,\N,\N,\N,\N,\N,2004-08-15 Hungarian Grand Prix,79.071
103,2004,14,13,Belgian Grand Prix,2004-08-29,\N,http://en.wikipedia.org/wiki/2004_Belgian_Grand_Prix,\N,\N,\N,\N,\N,\N,\N,\N,\N,\N,2004-08-29 Belgian Grand Prix,105.108
104,2004,15,14,Italian Grand Prix,2004-09-12,\N,http://en.wikipedia.org/wiki/2004_Italian_Grand_Prix,\N,\N,\N,\N,\N,\N,\N,\N,\N,\N,2004-09-12 Italian Grand Prix,81.04599999999999
105,2004,16,17,Chinese Grand Prix,2004-09-26,\N,http://en.wikipedia.org/wiki/2004_Chinese_Grand_Prix,\N,\N,\N,\N,\N,\N,\N,\N,\N,\N,2004-09-26 Chinese Grand Prix,92.238
106,2004,17,22,Japanese Grand Prix,2004-10-10,\N,http://en.wikipedia.org/wiki/2004_Japanese_Grand_Prix,\N,\N,\N,\N,\N,\N,\N,\N,\N,\N,2004-10-10 Japanese Grand Prix,92.72999999999999
107,2004,18,18,Brazilian Grand Prix,2004-10-24,\N,http://en.wikipedia.org/wiki/2004_Brazilian_Grand_Prix,\N,\N,\N,\N,\N,\N,\N,\N,\N,\N,2004-10-24 Brazilian Grand Prix,71.473
337,2010,1,3,Bahrain Grand Prix,2010-03-14,12:00:00,http://en.wikipedia.org/wiki/2010_Bahrain_Grand_Prix,\N,\N,\N,\N,\N,\N,\N,\N,\N,\N,2010-03-14 Bahrain Grand Prix,118.287
338,2010,2,1,Australian Grand Prix,2010-03-28,06:00:00,http://en.wikipedia.org/wiki/2010_Australian_Grand_Prix,\N,\N,\N,\N,\N,\N,\N,\N,\N,\N,2010-03-28 Australian Grand Prix,88.358
339,2010,3,2,Malaysian Grand Prix,2010-04-04,08:00:00,http://en.wikipedia.org/wiki/2010_Malaysian_Grand_Prix,\N,\N,\N,\N,\N,\N,\N,\N,\N,\N,2010-04-04 Malaysian Grand Prix,97.054
340,2010,4,17,Chinese Grand Prix,2010-04-18,06:00:00,http://en.wikipedia.org/wiki/2010_Chinese_Grand_Prix,\N,\N,\N,\N,\N,\N,\N,\N,\N,\N,2010-04-18 Chinese Grand Prix,102.061
341,2010,5,4,Spanish Grand Prix,2010-05-09,12:00:00,http://en.wikipedia.org/wiki/2010_Spanish_Grand_Prix,\N,\N,\N,\N,\N,\N,\N,\N,\N,\N,2010-05-09 Spanish Grand Prix,84.357
342,2010,6,6,Monaco Grand Prix,2010-05-16,12:00:00,http://en.wikipedia.org/wiki/2010_Monaco_Grand_Prix,\N,\N,\N,\N,\N,\N,\N,\N,\N,\N,2010-05-16 Monaco Grand Prix,75.19200000000001
343,2010,7,5,Turkish Grand Prix,2010-05-30,11:00:00,http://en.wikipedia.org/wiki/2010_Turkish_Grand_Prix,\N,\N,\N,\N,\N,\N,\N,\N,\N,\N,2010-05-30 Turkish Grand Prix,89.16499999999999
344,2010,8,7,Canadian Grand Prix,2010-06-13,16:00:00,http://en.wikipedia.org/wiki/2010_Canadian_Grand_Prix,\N,\N,\N,\N,\N,\N,\N,\N,\N,\N,2010-06-13 Canadian Grand Prix,76.97200000000001
345,2010,9,12,European Grand Prix,2010-06-27,12:00:00,http://en.wikipedia.org/wiki/2010_European_Grand_Prix,\N,\N,\N,\N,\N,\N,\N,\N,\N,\N,2010-06-27 European Grand Prix,98.76599999999999
346,2010,10,9,British Grand Prix,2010-07-11,12:00:00,http://en.wikipedia.org/wiki/2010_British_Grand_Prix,\N,\N,\N,\N,\N,\N,\N,\N,\N,\N,2010-07-11 British Grand Prix,90.874
347,2010,11,10,German Grand Prix,2010-07-25,12:00:00,http://en.wikipedia.org/wiki/2010_German_Grand_Prix,\N,\N,\N,\N,\N,\N,\N,\N,\N,\N,2010-07-25 German Grand Prix,75.824
348,2010,12,11,Hungarian Grand Prix,2010-08-01,12:00:00,http://en.wikipedia.org/wiki/2010_Hungarian_Grand_Prix,\N,\N,\N,\N,\N,\N,\N,\N,\N,\N,2010-08-01 Hungarian Grand Prix,82.362
349,2010,13,13,Belgian Grand Prix,2010-08-29,12:00:00,http://en.wikipedia.org/wiki/2010_Belgian_Grand_Prix,\N,\N,\N,\N,\N,\N,\N,\N,\N,\N,2010-08-29 Belgian Grand Prix,109.069
350,2010,14,14,Italian Grand Prix,2010-09-12,12:00:00,http://en.wikipedia.org/wiki/2010_Italian_Grand_Prix,\N,\N,\N,\N,\N,\N,\N,\N,\N,\N,2010-09-12 Italian Grand Prix,84.139
351,2010,15,15,Singapore Grand Prix,2010-09-26,12:00:00,http://en.wikipedia.org/wiki/2010_Singapore_Grand_Prix,\N,\N,\N,\N,\N,\N,\N,\N,\N,\N,2010-09-26 Singapore Grand Prix,107.976
352,2010,16,22,Japanese Grand Prix,2010-10-10,06:00:00,http://en.wikipedia.org/wiki/2010_Japanese_Grand_Prix,\N,\N,\N,\N,\N,\N,\N,\N,\N,\N,2010-10-10 Japanese Grand Prix,93.47399999999999
353,2010,17,35,Korean Grand Prix,2010-10-24,05:00:00,http://en.wikipedia.org/wiki/2010_Korean_Grand_Prix,\N,\N,\N,\N,\N,\N,\N,\N,\N,\N,2010-10-24 Korean Grand Prix,110.257
354,2010,18,18,Brazilian Grand Prix,2010-11-07,16:00:00,http://en.wikipedia.org/wiki/2010_Brazilian_Grand_Prix,\N,\N,\N,\N,\N,\N,\N,\N,\N,\N,2010-11-07 Brazilian Grand Prix,73.851
355,2010,19,24,Abu Dhabi Grand Prix,2010-11-14,13:00:00,http://en.wikipedia.org/wiki/2010_Abu_Dhabi_Grand_Prix,\N,\N,\N,\N,\N,\N,\N,\N,\N,\N,2010-11-14 Abu Dhabi Grand Prix,101.274
841,2011,1,1,Australian Grand Prix,2011-03-27,06:00:00,http://en.wikipedia.org/wiki/2011_Australian_Grand_Prix,\N,\N,\N,\N,\N,\N,\N,\N,\N,\N,2011-03-27 Australian Grand Prix,88.947
842,2011,2,2,Malaysian Grand Prix,2011-04-10,08:00:00,http://en.wikipedia.org/wiki/2011_Malaysian_Grand_Prix,\N,\N,\N,\N,\N,\N,\N,\N,\N,\N,2011-04-10 Malaysian Grand Prix,100.571
843,2011,3,17,Chinese Grand Prix,2011-04-17,07:00:00,http://en.wikipedia.org/wiki/2011_Chinese_Grand_Prix,\N,\N,\N,\N,\N,\N,\N,\N,\N,\N,2011-04-17 Chinese Grand Prix,98.993
844,2011,4,5,Turkish Grand Prix,2011-05-08,12:00:00,http://en.wikipedia.org/wiki/2011_Turkish_Grand_Prix,\N,\N,\N,\N,\N,\N,\N,\N,\N,\N,2011-05-08 Turkish Grand Prix,89.703
845,2011,5,4,Spanish Grand Prix,2011-05-22,12:00:00,http://en.wikipedia.org/wiki/2011_Spanish_Grand_Prix,\N,\N,\N,\N,\N,\N,\N,\N,\N,\N,2011-05-22 Spanish Grand Prix,86.727
846,2011,6,6,Monaco Grand Prix,2011-05-29,12:00:00,http://en.wikipedia.org/wiki/2011_Monaco_Grand_Prix,\N,\N,\N,\N,\N,\N,\N,\N,\N,\N,2011-05-29 Monaco Grand Prix,76.23400000000001
847,2011,7,7,Canadian Grand Prix,2011-06-12,17:00:00,http://en.wikipedia.org/wiki/2011_Canadian_Grand_Prix,\N,\N,\N,\N,\N,\N,\N,\N,\N,\N,2011-06-12 Canadian Grand Prix,76.956
848,2011,8,12,European Grand Prix,2011-06-26,12:00:00,http://en.wikipedia.org/wiki/2011_European_Grand_Prix,\N,\N,\N,\N,\N,\N,\N,\N,\N,\N,2011-06-26 European Grand Prix,101.852
849,2011,9,9,British Grand Prix,2011-07-10,12:00:00,http://en.wikipedia.org/wiki/2011_British_Grand_Prix,\N,\N,\N,\N,\N,\N,\N,\N,\N,\N,2011-07-10 British Grand Prix,94.908
850,2011,10,20,German Grand Prix,2011-07-24,12:00:00,http://en.wikipedia.org/wiki/2011_German_Grand_Prix,\N,\N,\N,\N,\N,\N,\N,\N,\N,\N,2011-07-24 German Grand Prix,94.30199999999999
851,2011,11,11,Hungarian Grand Prix,2011-07-31,12:00:00,http://en.wikipedia.org/wiki/2011_Hungarian_Grand_Prix,\N,\N,\N,\N,\N,\N,\N,\N,\N,\N,2011-07-31 Hungarian Grand Prix,83.41499999999999
852,2011,12,13,Belgian Grand Prix,2011-08-28,12:00:00,http://en.wikipedia.org/wiki/2011_Belgian_Grand_Prix,\N,\N,\N,\N,\N,\N,\N,\N,\N,\N,2011-08-28 Belgian Grand Prix,109.88300000000001
853,2011,13,14,Italian Grand Prix,2011-09-11,12:00:00,http://en.wikipedia.org/wiki/2011_Italian_Grand_Prix,\N,\N,\N,\N,\N,\N,\N,\N,\N,\N,2011-09-11 Italian Grand Prix,86.187
854,2011,14,15,Singapore Grand Prix,2011-09-25,12:00:00,http://en.wikipedia.org/wiki/2011_Singapore_Grand_Prix,\N,\N,\N,\N,\N,\N,\N,\N,\N,\N,2011-09-25 Singapore Grand Prix,108.45400000000001
855,2011,15,22,Japanese Grand Prix,2011-10-09,06:00:00,http://en.wikipedia.org/wiki/2011_Japanese_Grand_Prix,\N,\N,\N,\N,\N,\N,\N,\N,\N,\N,2011-10-09 Japanese Grand Prix,96.568
856,2011,16,35,Korean Grand Prix,2011-10-16,06:00:00,http://en.wikipedia.org/wiki/2011_Korean_Grand_Prix,\N,\N,\N,\N,\N,\N,\N,\N,\N,\N,2011-10-16 Korean Grand Prix,99.60499999999999
857,2011,17,68,Indian Grand Prix,2011-10-30,09:30:00,http://en.wikipedia.org/wiki/2011_Indian_Grand_Prix,\N,\N,\N,\N,\N,\N,\N,\N,\N,\N,2011-10-30 Indian Grand Prix,87.249
858,2011,18,24,Abu Dhabi Grand Prix,2011-11-13,13:00:00,http://en.wikipedia.org/wiki/2011_Abu_Dhabi_Grand_Prix,\N,\N,\N,\N,\N,\N,\N,\N,\N,\N,2011-11-13 Abu Dhabi Grand Prix,102.612
859,2011,19,18,Brazilian Grand Prix,2011-11-27,16:00:00,http://en.wikipedia.org/wiki/2011_Brazilian_Grand_Prix,\N,\N,\N,\N,\N,\N,\N,\N,\N,\N,2011-11-27 Brazilian Grand Prix,75.324
860,2012,1,1,Australian Grand Prix,2012-03-18,06:00:00,http://en.wikipedia.org/wiki/2012_Australian_Grand_Prix,\N,\N,\N,\N,\N,\N,\N,\N,\N,\N,2012-03-18 Australian Grand Prix,89.187
861,2012,2,2,Malaysian Grand Prix,2012-03-25,08:00:00,http://en.wikipedia.org/wiki/2012_Malaysian_Grand_Prix,\N,\N,\N,\N,\N,\N,\N,\N,\N,\N,2012-03-25 Malaysian Grand Prix,100.72200000000001
862,2012,3,17,Chinese Grand Prix,2012-04-15,07:00:00,http://en.wikipedia.org/wiki/2012_Chinese_Grand_Prix,\N,\N,\N,\N,\N,\N,\N,\N,\N,\N,2012-04-15 Chinese Grand Prix,99.96000000000001
863,2012,4,3,Bahrain Grand Prix,2012-04-22,12:00:00,http://en.wikipedia.org/wiki/2012_Bahrain_Grand_Prix,\N,\N,\N,\N,\N,\N,\N,\N,\N,\N,2012-04-22 Bahrain Grand Prix,96.37899999999999
864,2012,5,4,Spanish Grand Prix,2012-05-13,12:00:00,http://en.wikipedia.org/wiki/2012_Spanish_Grand_Prix,\N,\N,\N,\N,\N,\N,\N,\N,\N,\N,2012-05-13 Spanish Grand Prix,86.25
865,2012,6,6,Monaco Grand Prix,2012-05-27,12:00:00,http://en.wikipedia.org/wiki/2012_Monaco_Grand_Prix,\N,\N,\N,\N,\N,\N,\N,\N,\N,\N,2012-05-27 Monaco Grand Prix,77.29599999999999
866,2012,7,7,Canadian Grand Prix,2012-06-10,18:00:00,http://en.wikipedia.org/wiki/2012_Canadian_Grand_Prix,\N,\N,\N,\N,\N,\N,\N,\N,\N,\N,2012-06-10 Canadian Grand Prix,75.752
867,2012,8,12,European Grand Prix,2012-06-24,12:00:00,http://en.wikipedia.org/wiki/2012_European_Grand_Prix,\N,\N,\N,\N,\N,\N,\N,\N,\N,\N,2012-06-24 European Grand Prix,102.163
868,2012,9,9,British Grand Prix,2012-07-08,12:00:00,http://en.wikipedia.org/wiki/2012_British_Grand_Prix,\N,\N,\N,\N,\N,\N,\N,\N,\N,\N,2012-07-08 British Grand Prix,94.661
869,2012,10,10,German Grand Prix,2012-07-22,12:00:00,http://en.wikipedia.org/wiki/2012_German_Grand_Prix,\N,\N,\N,\N,\N,\N,\N,\N,\N,\N,2012-07-22 German Grand Prix,78.725
870,2012,11,11,Hungarian Grand Prix,2012-07-29,12:00:00,http://en.wikipedia.org/wiki/2012_Hungarian_Grand_Prix,\N,\N,\N,\N,\N,\N,\N,\N,\N,\N,2012-07-29 Hungarian Grand Prix,84.136
871,2012,12,13,Belgian Grand Prix,2012-09-02,12:00:00,http://en.wikipedia.org/wiki/2012_Belgian_Grand_Prix,\N,\N,\N,\N,\N,\N,\N,\N,\N,\N,2012-09-02 Belgian Grand Prix,112.822
872,2012,13,14,Italian Grand Prix,2012-09-09,12:00:00,http://en.wikipedia.org/wiki/2012_Italian_Grand_Prix,\N,\N,\N,\N,\N,\N,\N,\N,\N,\N,2012-09-09 Italian Grand Prix,87.239
873,2012,14,15,Singapore Grand Prix,2012-09-23,12:00:00,http://en.wikipedia.org/wiki/2012_Singapore_Grand_Prix,\N,\N,\N,\N,\N,\N,\N,\N,\N,\N,2012-09-23 Singapore Grand Prix,111.033
874,2012,15,22,Japanese Grand Prix,2012-10-07,06:00:00,http://en.wikipedia.org/wiki/2012_Japanese_Grand_Prix,\N,\N,\N,\N,\N,\N,\N,\N,\N,\N,2012-10-07 Japanese Grand Prix,95.774
875,2012,16,35,Korean Grand Prix,2012-10-14,06:00:00,http://en.wikipedia.org/wiki/2012_Korean_Grand_Prix,\N,\N,\N,\N,\N,\N,\N,\N,\N,\N,2012-10-14 Korean Grand Prix,102.037
876,2012,17,68,Indian Grand Prix,2012-10-28,09:30:00,http://en.wikipedia.org/wiki/2012_Indian_Grand_Prix,\N,\N,\N,\N,\N,\N,\N,\N,\N,\N,2012-10-28 Indian Grand Prix,88.203
877,2012,18,24,Abu Dhabi Grand Prix,2012-11-04,13:00:00,http://en.wikipedia.org/wiki/2012_Abu_Dhabi_Grand_Prix,\N,\N,\N,\N,\N,\N,\N,\N,\N,\N,2012-11-04 Abu Dhabi Grand Prix,103.964
878,2012,19,69,United States Grand Prix,2012-11-18,19:00:00,http://en.wikipedia.org/wiki/2012_United_States_Grand_Prix,\N,\N,\N,\N,\N,\N,\N,\N,\N,\N,2012-11-18 United States Grand Prix,99.34700000000001
879,2012,20,18,Brazilian Grand Prix,2012-11-25,16:00:00,http://en.wikipedia.org/wiki/2012_Brazilian_Grand_Prix,\N,\N,\N,\N,\N,\N,\N,\N,\N,\N,2012-11-25 Brazilian Grand Prix,78.069
880,2013,1,1,Australian Grand Prix,2013-03-17,06:00:00,http://en.wikipedia.org/wiki/2013_Australian_Grand_Prix,\N,\N,\N,\N,\N,\N,\N,\N,\N,\N,2013-03-17 Australian Grand Prix,89.274
881,2013,2,2,Malaysian Grand Prix,2013-03-24,08:00:00,http://en.wikipedia.org/wiki/2013_Malaysian_Grand_Prix,\N,\N,\N,\N,\N,\N,\N,\N,\N,\N,2013-03-24 Malaysian Grand Prix,99.199
882,2013,3,17,Chinese Grand Prix,2013-04-14,07:00:00,http://en.wikipedia.org/wiki/2013_Chinese_Grand_Prix,\N,\N,\N,\N,\N,\N,\N,\N,\N,\N,2013-04-14 Chinese Grand Prix,96.80799999999999
883,2013,4,3,Bahrain Grand Prix,2013-04-21,12:00:00,http://en.wikipedia.org/wiki/2013_Bahrain_Grand_Prix,\N,\N,\N,\N,\N,\N,\N,\N,\N,\N,2013-04-21 Bahrain Grand Prix,96.961
884,2013,5,4,Spanish Grand Prix,2013-05-12,12:00:00,http://en.wikipedia.org/wiki/2013_Spanish_Grand_Prix,\N,\N,\N,\N,\N,\N,\N,\N,\N,\N,2013-05-12 Spanish Grand Prix,86.217
885,2013,6,6,Monaco Grand Prix,2013-05-26,12:00:00,http://en.wikipedia.org/wiki/2013_Monaco_Grand_Prix,\N,\N,\N,\N,\N,\N,\N,\N,\N,\N,2013-05-26 Monaco Grand Prix,76.577
886,2013,7,7,Canadian Grand Prix,2013-06-09,18:00:00,http://en.wikipedia.org/wiki/2013_Canadian_Grand_Prix,\N,\N,\N,\N,\N,\N,\N,\N,\N,\N,2013-06-09 Canadian Grand Prix,76.182
887,2013,8,9,British Grand Prix,2013-06-30,12:00:00,http://en.wikipedia.org/wiki/2013_British_Grand_Prix,\N,\N,\N,\N,\N,\N,\N,\N,\N,\N,2013-06-30 British Grand Prix,93.40100000000001
888,2013,9,20,German Grand Prix,2013-07-07,12:00:00,http://en.wikipedia.org/wiki/2013_German_Grand_Prix,\N,\N,\N,\N,\N,\N,\N,\N,\N,\N,2013-07-07 German Grand Prix,93.468
890,2013,10,11,Hungarian Grand Prix,2013-07-28,12:00:00,http://en.wikipedia.org/wiki/2013_Hungarian_Grand_Prix,\N,\N,\N,\N,\N,\N,\N,\N,\N,\N,2013-07-28 Hungarian Grand Prix,84.069
891,2013,11,13,Belgian Grand Prix,2013-08-25,12:00:00,http://en.wikipedia.org/wiki/2013_Belgian_Grand_Prix,\N,\N,\N,\N,\N,\N,\N,\N,\N,\N,2013-08-25 Belgian Grand Prix,110.756
892,2013,12,14,Italian Grand Prix,2013-09-08,12:00:00,http://en.wikipedia.org/wiki/2013_Italian_Grand_Prix,\N,\N,\N,\N,\N,\N,\N,\N,\N,\N,2013-09-08 Italian Grand Prix,85.849
893,2013,13,15,Singapore Grand Prix,2013-09-22,12:00:00,http://en.wikipedia.org/wiki/2013_Singapore_Grand_Prix,\N,\N,\N,\N,\N,\N,\N,\N,\N,\N,2013-09-22 Singapore Grand Prix,108.574
894,2013,14,35,Korean Grand Prix,2013-10-06,06:00:00,http://en.wikipedia.org/wiki/2013_Korean_Grand_Prix,\N,\N,\N,\N,\N,\N,\N,\N,\N,\N,2013-10-06 Korean Grand Prix,101.38
895,2013,15,22,Japanese Grand Prix,2013-10-13,06:00:00,http://en.wikipedia.org/wiki/2013_Japanese_Grand_Prix,\N,\N,\N,\N,\N,\N,\N,\N,\N,\N,2013-10-13 Japanese Grand Prix,94.587
896,2013,16,68,Indian Grand Prix,2013-10-27,09:30:00,http://en.wikipedia.org/wiki/2013_Indian_Grand_Prix,\N,\N,\N,\N,\N,\N,\N,\N,\N,\N,2013-10-27 Indian Grand Prix,87.679
897,2013,17,24,Abu Dhabi Grand Prix,2013-11-03,13:00:00,http://en.wikipedia.org/wiki/2013_Abu_Dhabi_Grand_Prix,\N,\N,\N,\N,\N,\N,\N,\N,\N,\N,2013-11-03 Abu Dhabi Grand Prix,103.434
898,2013,18,69,United States Grand Prix,2013-11-17,19:00:00,http://en.wikipedia.org/wiki/2013_United_States_Grand_Prix,\N,\N,\N,\N,\N,\N,\N,\N,\N,\N,2013-11-17 United States Grand Prix,99.856
899,2013,19,18,Brazilian Grand Prix,2013-11-24,16:00:00,http://en.wikipedia.org/wiki/2013_Brazilian_Grand_Prix,\N,\N,\N,\N,\N,\N,\N,\N,\N,\N,2013-11-24 Brazilian Grand Prix,75.436
900,2014,1,1,Australian Grand Prix,2014-03-16,06:00:00,http://en.wikipedia.org/wiki/2014_Australian_Grand_Prix,\N,\N,\N,\N,\N,\N,\N,\N,\N,\N,2014-03-16 Australian Grand Prix,92.47800000000001
901,2014,2,2,Malaysian Grand Prix,2014-03-30,08:00:00,http://en.wikipedia.org/wiki/2014_Malaysian_Grand_Prix,\N,\N,\N,\N,\N,\N,\N,\N,\N,\N,2014-03-30 Malaysian Grand Prix,103.066
902,2014,3,3,Bahrain Grand Prix,2014-04-06,15:00:00,http://en.wikipedia.org/wiki/2014_Bahrain_Grand_Prix,\N,\N,\N,\N,\N,\N,\N,\N,\N,\N,2014-04-06 Bahrain Grand Prix,97.02000000000001
903,2014,4,17,Chinese Grand Prix,2014-04-20,07:00:00,http://en.wikipedia.org/wiki/2014_Chinese_Grand_Prix,\N,\N,\N,\N,\N,\N,\N,\N,\N,\N,2014-04-20 Chinese Grand Prix,100.402
904,2014,5,4,Spanish Grand Prix,2014-05-11,12:00:00,http://en.wikipedia.org/wiki/2014_Spanish_Grand_Prix,\N,\N,\N,\N,\N,\N,\N,\N,\N,\N,2014-05-11 Spanish Grand Prix,88.918
905,2014,6,6,Monaco Grand Prix,2014-05-25,12:00:00,http://en.wikipedia.org/wiki/2014_Monaco_Grand_Prix,\N,\N,\N,\N,\N,\N,\N,\N,\N,\N,2014-05-25 Monaco Grand Prix,78.479
906,2014,7,7,Canadian Grand Prix,2014-06-08,18:00:00,http://en.wikipedia.org/wiki/2014_Canadian_Grand_Prix,\N,\N,\N,\N,\N,\N,\N,\N,\N,\N,2014-06-08 Canadian Grand Prix,78.504
907,2014,8,70,Austrian Grand Prix,2014-06-22,12:00:00,http://en.wikipedia.org/wiki/2014_Austrian_Grand_Prix,\N,\N,\N,\N,\N,\N,\N,\N,\N,\N,2014-06-22 Austrian Grand Prix,72.142
908,2014,9,9,British Grand Prix,2014-07-06,12:00:00,http://en.wikipedia.org/wiki/2014_British_Grand_Prix,\N,\N,\N,\N,\N,\N,\N,\N,\N,\N,2014-07-06 British Grand Prix,97.176
909,2014,10,10,German Grand Prix,2014-07-20,12:00:00,http://en.wikipedia.org/wiki/2014_German_Grand_Prix,\N,\N,\N,\N,\N,\N,\N,\N,\N,\N,2014-07-20 German Grand Prix,79.908
910,2014,11,11,Hungarian Grand Prix,2014-07-27,12:00:00,http://en.wikipedia.org/wiki/2014_Hungarian_Grand_Prix,\N,\N,\N,\N,\N,\N,\N,\N,\N,\N,2014-07-27 Hungarian Grand Prix,85.724
911,2014,12,13,Belgian Grand Prix,2014-08-24,12:00:00,http://en.wikipedia.org/wiki/2014_Belgian_Grand_Prix,\N,\N,\N,\N,\N,\N,\N,\N,\N,\N,2014-08-24 Belgian Grand Prix,110.511
912,2014,13,14,Italian Grand Prix,2014-09-07,12:00:00,http://en.wikipedia.org/wiki/2014_Italian_Grand_Prix,\N,\N,\N,\N,\N,\N,\N,\N,\N,\N,2014-09-07 Italian Grand Prix,88.004
913,2014,14,15,Singapore Grand Prix,2014-09-21,12:00:00,http://en.wikipedia.org/wiki/2014_Singapore_Grand_Prix,\N,\N,\N,\N,\N,\N,\N,\N,\N,\N,2014-09-21 Singapore Grand Prix,110.417
914,2014,15,22,Japanese Grand Prix,2014-10-05,06:00:00,http://en.wikipedia.org/wiki/2014_Japanese_Grand_Prix,\N,\N,\N,\N,\N,\N,\N,\N,\N,\N,2014-10-05 Japanese Grand Prix,111.6
915,2014,16,71,Russian Grand Prix,2014-10-12,11:00:00,http://en.wikipedia.org/wiki/2014_Russian_Grand_Prix,\N,\N,\N,\N,\N,\N,\N,\N,\N,\N,2014-10-12 Russian Grand Prix,100.896
916,2014,17,69,United States Grand Prix,2014-11-02,20:00:00,http://en.wikipedia.org/wiki/2014_United_States_Grand_Prix,\N,\N,\N,\N,\N,\N,\N,\N,\N,\N,2014-11-02 United States Grand Prix,101.37899999999999
917,2014,18,18,Brazilian Grand Prix,2014-11-09,16:00:00,http://en.wikipedia.org/wiki/2014_Brazilian_Grand_Prix,\N,\N,\N,\N,\N,\N,\N,\N,\N,\N,2014-11-09 Brazilian Grand Prix,73.555
918,2014,19,24,Abu Dhabi Grand Prix,2014-11-23,13:00:00,http://en.wikipedia.org/wiki/2014_Abu_Dhabi_Grand_Prix,\N,\N,\N,\N,\N,\N,\N,\N,\N,\N,2014-11-23 Abu Dhabi Grand Prix,104.49600000000001
931,2015,6,6,Monaco Grand Prix,2015-05-24,12:00:00,http://en.wikipedia.org/wiki/2015_Monaco_Grand_Prix,\N,\N,\N,\N,\N,\N,\N,\N,\N,\N,2015-05-24 Monaco Grand Prix,78.063
932,2015,7,7,Canadian Grand Prix,2015-06-07,18:00:00,http://en.wikipedia.org/wiki/2015_Canadian_Grand_Prix,\N,\N,\N,\N,\N,\N,\N,\N,\N,\N,2015-06-07 Canadian Grand Prix,76.987
929,2015,4,3,Bahrain Grand Prix,2015-04-19,15:00:00,http://en.wikipedia.org/wiki/2015_Bahrain_Grand_Prix,\N,\N,\N,\N,\N,\N,\N,\N,\N,\N,2015-04-19 Bahrain Grand Prix,96.311
930,2015,5,4,Spanish Grand Prix,2015-05-10,12:00:00,http://en.wikipedia.org/wiki/2015_Spanish_Grand_Prix,\N,\N,\N,\N,\N,\N,\N,\N,\N,\N,2015-05-10 Spanish Grand Prix,88.27
928,2015,3,17,Chinese Grand Prix,2015-04-12,06:00:00,http://en.wikipedia.org/wiki/2015_Chinese_Grand_Prix,\N,\N,\N,\N,\N,\N,\N,\N,\N,\N,2015-04-12 Chinese Grand Prix,102.208
926,2015,1,1,Australian Grand Prix,2015-03-15,05:00:00,http://en.wikipedia.org/wiki/2015_Australian_Grand_Prix,\N,\N,\N,\N,\N,\N,\N,\N,\N,\N,2015-03-15 Australian Grand Prix,90.945
927,2015,2,2,Malaysian Grand Prix,2015-03-29,07:00:00,http://en.wikipedia.org/wiki/2015_Malaysian_Grand_Prix,\N,\N,\N,\N,\N,\N,\N,\N,\N,\N,2015-03-29 Malaysian Grand Prix,102.062
933,2015,8,70,Austrian Grand Prix,2015-06-21,12:00:00,http://en.wikipedia.org/wiki/2015_Austrian_Grand_Prix,\N,\N,\N,\N,\N,\N,\N,\N,\N,\N,2015-06-21 Austrian Grand Prix,71.235
934,2015,9,9,British Grand Prix,2015-07-05,12:00:00,http://en.wikipedia.org/wiki/2015_British_Grand_Prix,\N,\N,\N,\N,\N,\N,\N,\N,\N,\N,2015-07-05 British Grand Prix,97.093
936,2015,10,11,Hungarian Grand Prix,2015-07-26,12:00:00,http://en.wikipedia.org/wiki/2015_Hungarian_Grand_Prix,\N,\N,\N,\N,\N,\N,\N,\N,\N,\N,2015-07-26 Hungarian Grand Prix,84.821
937,2015,11,13,Belgian Grand Prix,2015-08-23,12:00:00,http://en.wikipedia.org/wiki/2015_Belgian_Grand_Prix,\N,\N,\N,\N,\N,\N,\N,\N,\N,\N,2015-08-23 Belgian Grand Prix,112.416
938,2015,12,14,Italian Grand Prix,2015-09-06,12:00:00,http://en.wikipedia.org/wiki/2015_Italian_Grand_Prix,\N,\N,\N,\N,\N,\N,\N,\N,\N,\N,2015-09-06 Italian Grand Prix,86.672
939,2015,13,15,Singapore Grand Prix,2015-09-20,12:00:00,http://en.wikipedia.org/wiki/2015_Singapore_Grand_Prix,\N,\N,\N,\N,\N,\N,\N,\N,\N,\N,2015-09-20 Singapore Grand Prix,110.041
940,2015,14,22,Japanese Grand Prix,2015-09-27,05:00:00,http://en.wikipedia.org/wiki/2015_Japanese_Grand_Prix,\N,\N,\N,\N,\N,\N,\N,\N,\N,\N,2015-09-27 Japanese Grand Prix,96.14500000000001
941,2015,15,71,Russian Grand Prix,2015-10-11,11:00:00,http://en.wikipedia.org/wiki/2015_Russian_Grand_Prix,\N,\N,\N,\N,\N,\N,\N,\N,\N,\N,2015-10-11 Russian Grand Prix,100.071
942,2015,16,69,United States Grand Prix,2015-10-25,19:00:00,http://en.wikipedia.org/wiki/2015_United_States_Grand_Prix,\N,\N,\N,\N,\N,\N,\N,\N,\N,\N,2015-10-25 United States Grand Prix,100.666
943,2015,17,32,Mexican Grand Prix,2015-11-01,19:00:00,http://en.wikipedia.org/wiki/2015_Mexican_Grand_Prix,\N,\N,\N,\N,\N,\N,\N,\N,\N,\N,2015-11-01 Mexican Grand Prix,80.521
944,2015,18,18,Brazilian Grand Prix,2015-11-15,16:00:00,http://en.wikipedia.org/wiki/2015_Brazilian_Grand_Prix,\N,\N,\N,\N,\N,\N,\N,\N,\N,\N,2015-11-15 Brazilian Grand Prix,74.832
945,2015,19,24,Abu Dhabi Grand Prix,2015-11-29,13:00:00,http://en.wikipedia.org/wiki/2015_Abu_Dhabi_Grand_Prix,\N,\N,\N,\N,\N,\N,\N,\N,\N,\N,2015-11-29 Abu Dhabi Grand Prix,104.517
948,2016,1,1,Australian Grand Prix,2016-03-20,05:00:00,http://en.wikipedia.org/wiki/2016_Australian_Grand_Prix,\N,\N,\N,\N,\N,\N,\N,\N,\N,\N,2016-03-20 Australian Grand Prix,88.997
949,2016,2,3,Bahrain Grand Prix,2016-04-03,15:00:00,http://en.wikipedia.org/wiki/2016_Bahrain_Grand_Prix,\N,\N,\N,\N,\N,\N,\N,\N,\N,\N,2016-04-03 Bahrain Grand Prix,94.482
950,2016,3,17,Chinese Grand Prix,2016-04-17,06:00:00,http://en.wikipedia.org/wiki/2016_Chinese_Grand_Prix,\N,\N,\N,\N,\N,\N,\N,\N,\N,\N,2016-04-17 Chinese Grand Prix,99.824
951,2016,4,71,Russian Grand Prix,2016-05-01,12:00:00,http://en.wikipedia.org/wiki/2016_Russian_Grand_Prix,\N,\N,\N,\N,\N,\N,\N,\N,\N,\N,2016-05-01 Russian Grand Prix,99.094
952,2016,5,4,Spanish Grand Prix,2016-05-15,12:00:00,http://en.wikipedia.org/wiki/2016_Spanish_Grand_Prix,\N,\N,\N,\N,\N,\N,\N,\N,\N,\N,2016-05-15 Spanish Grand Prix,86.94800000000001
953,2016,6,6,Monaco Grand Prix,2016-05-29,12:00:00,http://en.wikipedia.org/wiki/2016_Monaco_Grand_Prix,\N,\N,\N,\N,\N,\N,\N,\N,\N,\N,2016-05-29 Monaco Grand Prix,77.939
954,2016,7,7,Canadian Grand Prix,2016-06-12,18:00:00,http://en.wikipedia.org/wiki/2016_Canadian_Grand_Prix,\N,\N,\N,\N,\N,\N,\N,\N,\N,\N,2016-06-12 Canadian Grand Prix,75.599
955,2016,8,73,European Grand Prix,2016-06-19,13:00:00,http://en.wikipedia.org/wiki/2016_European_Grand_Prix,\N,\N,\N,\N,\N,\N,\N,\N,\N,\N,2016-06-19 European Grand Prix,106.485
956,2016,9,70,Austrian Grand Prix,2016-07-03,12:00:00,http://en.wikipedia.org/wiki/2016_Austrian_Grand_Prix,\N,\N,\N,\N,\N,\N,\N,\N,\N,\N,2016-07-03 Austrian Grand Prix,68.411
957,2016,10,9,British Grand Prix,2016-07-10,12:00:00,http://en.wikipedia.org/wiki/2016_British_Grand_Prix,\N,\N,\N,\N,\N,\N,\N,\N,\N,\N,2016-07-10 British Grand Prix,95.548
958,2016,11,11,Hungarian Grand Prix,2016-07-24,12:00:00,http://en.wikipedia.org/wiki/2016_Hungarian_Grand_Prix,\N,\N,\N,\N,\N,\N,\N,\N,\N,\N,2016-07-24 Hungarian Grand Prix,83.086
959,2016,12,10,German Grand Prix,2016-07-31,12:00:00,http://en.wikipedia.org/wiki/2016_German_Grand_Prix,\N,\N,\N,\N,\N,\N,\N,\N,\N,\N,2016-07-31 German Grand Prix,78.44200000000001
960,2016,13,13,Belgian Grand Prix,2016-08-28,12:00:00,http://en.wikipedia.org/wiki/2016_Belgian_Grand_Prix,\N,\N,\N,\N,\N,\N,\N,\N,\N,\N,2016-08-28 Belgian Grand Prix,111.583
961,2016,14,14,Italian Grand Prix,2016-09-04,12:00:00,http://en.wikipedia.org/wiki/2016_Italian_Grand_Prix,\N,\N,\N,\N,\N,\N,\N,\N,\N,\N,2016-09-04 Italian Grand Prix,85.34
962,2016,15,15,Singapore Grand Prix,2016-09-18,12:00:00,http://en.wikipedia.org/wiki/2016_Singapore_Grand_Prix,\N,\N,\N,\N,\N,\N,\N,\N,\N,\N,2016-09-18 Singapore Grand Prix,107.187
963,2016,16,2,Malaysian Grand Prix,2016-10-02,07:00:00,http://en.wikipedia.org/wiki/2016_Malaysian_Grand_Prix,\N,\N,\N,\N,\N,\N,\N,\N,\N,\N,2016-10-02 Malaysian Grand Prix,96.424
964,2016,17,22,Japanese Grand Prix,2016-10-09,05:00:00,http://en.wikipedia.org/wiki/2016_Japanese_Grand_Prix,\N,\N,\N,\N,\N,\N,\N,\N,\N,\N,2016-10-09 Japanese Grand Prix,95.118
965,2016,18,69,United States Grand Prix,2016-10-23,19:00:00,http://en.wikipedia.org/wiki/2016_United_States_Grand_Prix,\N,\N,\N,\N,\N,\N,\N,\N,\N,\N,2016-10-23 United States Grand Prix,99.87700000000001
966,2016,19,32,Mexican Grand Prix,2016-10-30,19:00:00,http://en.wikipedia.org/wiki/2016_Mexican_Grand_Prix,\N,\N,\N,\N,\N,\N,\N,\N,\N,\N,2016-10-30 Mexican Grand Prix,81.134
967,2016,20,18,Brazilian Grand Prix,2016-11-13,16:00:00,http://en.wikipedia.org/wiki/2016_Brazilian_Grand_Prix,\N,\N,\N,\N,\N,\N,\N,\N,\N,\N,2016-11-13 Brazilian Grand Prix,85.305
968,2016,21,24,Abu Dhabi Grand Prix,2016-11-27,13:00:00,http://en.wikipedia.org/wiki/2016_Abu_Dhabi_Grand_Prix,\N,\N,\N,\N,\N,\N,\N,\N,\N,\N,2016-11-27 Abu Dhabi Grand Prix,103.729
969,2017,1,1,Australian Grand Prix,2017-03-26,05:00:00,http://en.wikipedia.org/wiki/2017_Australian_Grand_Prix,\N,\N,\N,\N,\N,\N,\N,\N,\N,\N,2017-03-26 Australian Grand Prix,86.538
970,2017,2,17,Chinese Grand Prix,2017-04-09,06:00:00,http://en.wikipedia.org/wiki/2017_Chinese_Grand_Prix,\N,\N,\N,\N,\N,\N,\N,\N,\N,\N,2017-04-09 Chinese Grand Prix,95.378
971,2017,3,3,Bahrain Grand Prix,2017-04-16,15:00:00,http://en.wikipedia.org/wiki/2017_Bahrain_Grand_Prix,\N,\N,\N,\N,\N,\N,\N,\N,\N,\N,2017-04-16 Bahrain Grand Prix,92.798
972,2017,4,71,Russian Grand Prix,2017-04-30,12:00:00,http://en.wikipedia.org/wiki/2017_Russian_Grand_Prix,\N,\N,\N,\N,\N,\N,\N,\N,\N,\N,2017-04-30 Russian Grand Prix,96.844
973,2017,5,4,Spanish Grand Prix,2017-05-14,12:00:00,http://en.wikipedia.org/wiki/2017_Spanish_Grand_Prix,\N,\N,\N,\N,\N,\N,\N,\N,\N,\N,2017-05-14 Spanish Grand Prix,83.593
974,2017,6,6,Monaco Grand Prix,2017-05-28,12:00:00,http://en.wikipedia.org/wiki/2017_Monaco_Grand_Prix,\N,\N,\N,\N,\N,\N,\N,\N,\N,\N,2017-05-28 Monaco Grand Prix,74.82
975,2017,7,7,Canadian Grand Prix,2017-06-11,18:00:00,http://en.wikipedia.org/wiki/2017_Canadian_Grand_Prix,\N,\N,\N,\N,\N,\N,\N,\N,\N,\N,2017-06-11 Canadian Grand Prix,74.551
976,2017,8,73,Azerbaijan Grand Prix,2017-06-25,13:00:00,http://en.wikipedia.org/wiki/2017_Azerbaijan_Grand_Prix,\N,\N,\N,\N,\N,\N,\N,\N,\N,\N,2017-06-25 Azerbaijan Grand Prix,103.441
977,2017,9,70,Austrian Grand Prix,2017-07-09,12:00:00,http://en.wikipedia.org/wiki/2017_Austrian_Grand_Prix,\N,\N,\N,\N,\N,\N,\N,\N,\N,\N,2017-07-09 Austrian Grand Prix,67.411
978,2017,10,9,British Grand Prix,2017-07-16,12:00:00,http://en.wikipedia.org/wiki/2017_British_Grand_Prix,\N,\N,\N,\N,\N,\N,\N,\N,\N,\N,2017-07-16 British Grand Prix,90.621
979,2017,11,11,Hungarian Grand Prix,2017-07-30,12:00:00,http://en.wikipedia.org/wiki/2017_Hungarian_Grand_Prix,\N,\N,\N,\N,\N,\N,\N,\N,\N,\N,2017-07-30 Hungarian Grand Prix,80.182
980,2017,12,13,Belgian Grand Prix,2017-08-27,12:00:00,http://en.wikipedia.org/wiki/2017_Belgian_Grand_Prix,\N,\N,\N,\N,\N,\N,\N,\N,\N,\N,2017-08-27 Belgian Grand Prix,106.577
981,2017,13,14,Italian Grand Prix,2017-09-03,12:00:00,http://en.wikipedia.org/wiki/2017_Italian_Grand_Prix,\N,\N,\N,\N,\N,\N,\N,\N,\N,\N,2017-09-03 Italian Grand Prix,83.361
982,2017,14,15,Singapore Grand Prix,2017-09-17,12:00:00,http://en.wikipedia.org/wiki/2017_Singapore_Grand_Prix,\N,\N,\N,\N,\N,\N,\N,\N,\N,\N,2017-09-17 Singapore Grand Prix,105.00800000000001
983,2017,15,2,Malaysian Grand Prix,2017-10-01,07:00:00,http://en.wikipedia.org/wiki/2017_Malaysian_Grand_Prix,\N,\N,\N,\N,\N,\N,\N,\N,\N,\N,2017-10-01 Malaysian Grand Prix,94.08
984,2017,16,22,Japanese Grand Prix,2017-10-08,05:00:00,http://en.wikipedia.org/wiki/2017_Japanese_Grand_Prix,\N,\N,\N,\N,\N,\N,\N,\N,\N,\N,2017-10-08 Japanese Grand Prix,93.144
985,2017,17,69,United States Grand Prix,2017-10-22,19:00:00,http://en.wikipedia.org/wiki/2017_United_States_Grand_Prix,\N,\N,\N,\N,\N,\N,\N,\N,\N,\N,2017-10-22 United States Grand Prix,97.76599999999999
986,2017,18,32,Mexican Grand Prix,2017-10-29,19:00:00,http://en.wikipedia.org/wiki/2017_Mexican_Grand_Prix,\N,\N,\N,\N,\N,\N,\N,\N,\N,\N,2017-10-29 Mexican Grand Prix,78.785
987,2017,19,18,Brazilian Grand Prix,2017-11-12,16:00:00,http://en.wikipedia.org/wiki/2017_Brazilian_Grand_Prix,\N,\N,\N,\N,\N,\N,\N,\N,\N,\N,2017-11-12 Brazilian Grand Prix,71.044
988,2017,20,24,Abu Dhabi Grand Prix,2017-11-26,13:00:00,http://en.wikipedia.org/wiki/2017_Abu_Dhabi_Grand_Prix,\N,\N,\N,\N,\N,\N,\N,\N,\N,\N,2017-11-26 Abu Dhabi Grand Prix,100.65
989,2018,1,1,Australian Grand Prix,2018-03-25,05:10:00,http://en.wikipedia.org/wiki/2018_Australian_Grand_Prix,\N,\N,\N,\N,\N,\N,\N,\N,\N,\N,2018-03-25 Australian Grand Prix,85.945
990,2018,2,3,Bahrain Grand Prix,2018-04-08,15:10:00,http://en.wikipedia.org/wiki/2018_Bahrain_Grand_Prix,\N,\N,\N,\N,\N,\N,\N,\N,\N,\N,2018-04-08 Bahrain Grand Prix,93.74000000000001
991,2018,3,17,Chinese Grand Prix,2018-04-15,06:10:00,http://en.wikipedia.org/wiki/2018_Chinese_Grand_Prix,\N,\N,\N,\N,\N,\N,\N,\N,\N,\N,2018-04-15 Chinese Grand Prix,95.785
992,2018,4,73,Azerbaijan Grand Prix,2018-04-29,12:10:00,http://en.wikipedia.org/wiki/2018_Azerbaijan_Grand_Prix,\N,\N,\N,\N,\N,\N,\N,\N,\N,\N,2018-04-29 Azerbaijan Grand Prix,105.149
993,2018,5,4,Spanish Grand Prix,2018-05-13,13:10:00,http://en.wikipedia.org/wiki/2018_Spanish_Grand_Prix,\N,\N,\N,\N,\N,\N,\N,\N,\N,\N,2018-05-13 Spanish Grand Prix,78.441
994,2018,6,6,Monaco Grand Prix,2018-05-27,13:10:00,http://en.wikipedia.org/wiki/2018_Monaco_Grand_Prix,\N,\N,\N,\N,\N,\N,\N,\N,\N,\N,2018-05-27 Monaco Grand Prix,74.26
995,2018,7,7,Canadian Grand Prix,2018-06-10,18:10:00,http://en.wikipedia.org/wiki/2018_Canadian_Grand_Prix,\N,\N,\N,\N,\N,\N,\N,\N,\N,\N,2018-06-10 Canadian Grand Prix,73.864
996,2018,8,34,French Grand Prix,2018-06-24,14:10:00,http://en.wikipedia.org/wiki/2018_French_Grand_Prix,\N,\N,\N,\N,\N,\N,\N,\N,\N,\N,2018-06-24 French Grand Prix,94.225
997,2018,9,70,Austrian Grand Prix,2018-07-01,13:10:00,http://en.wikipedia.org/wiki/2018_Austrian_Grand_Prix,\N,\N,\N,\N,\N,\N,\N,\N,\N,\N,2018-07-01 Austrian Grand Prix,66.957
998,2018,10,9,British Grand Prix,2018-07-08,13:10:00,http://en.wikipedia.org/wiki/2018_British_Grand_Prix,\N,\N,\N,\N,\N,\N,\N,\N,\N,\N,2018-07-08 British Grand Prix,90.696
999,2018,11,10,German Grand Prix,2018-07-22,13:10:00,http://en.wikipedia.org/wiki/2018_German_Grand_Prix,\N,\N,\N,\N,\N,\N,\N,\N,\N,\N,2018-07-22 German Grand Prix,75.545
1000,2018,12,11,Hungarian Grand Prix,2018-07-29,13:10:00,http://en.wikipedia.org/wiki/2018_Hungarian_Grand_Prix,\N,\N,\N,\N,\N,\N,\N,\N,\N,\N,2018-07-29 Hungarian Grand Prix,80.012
1001,2018,13,13,Belgian Grand Prix,2018-08-26,13:10:00,http://en.wikipedia.org/wiki/2018_Belgian_Grand_Prix,\N,\N,\N,\N,\N,\N,\N,\N,\N,\N,2018-08-26 Belgian Grand Prix,106.286
1002,2018,14,14,Italian Grand Prix,2018-09-02,13:10:00,http://en.wikipedia.org/wiki/2018_Italian_Grand_Prix,\N,\N,\N,\N,\N,\N,\N,\N,\N,\N,2018-09-02 Italian Grand Prix,82.497
1003,2018,15,15,Singapore Grand Prix,2018-09-16,12:10:00,http://en.wikipedia.org/wiki/2018_Singapore_Grand_Prix,\N,\N,\N,\N,\N,\N,\N,\N,\N,\N,2018-09-16 Singapore Grand Prix,101.905
1004,2018,16,71,Russian Grand Prix,2018-09-30,11:10:00,http://en.wikipedia.org/wiki/2018_Russian_Grand_Prix,\N,\N,\N,\N,\N,\N,\N,\N,\N,\N,2018-09-30 Russian Grand Prix,95.86099999999999
1005,2018,17,22,Japanese Grand Prix,2018-10-07,05:10:00,http://en.wikipedia.org/wiki/2018_Japanese_Grand_Prix,\N,\N,\N,\N,\N,\N,\N,\N,\N,\N,2018-10-07 Japanese Grand Prix,92.318
1006,2018,18,69,United States Grand Prix,2018-10-21,18:10:00,http://en.wikipedia.org/wiki/2018_United_States_Grand_Prix,\N,\N,\N,\N,\N,\N,\N,\N,\N,\N,2018-10-21 United States Grand Prix,97.392
1007,2018,19,32,Mexican Grand Prix,2018-10-28,19:10:00,http://en.wikipedia.org/wiki/2018_Mexican_Grand_Prix,\N,\N,\N,\N,\N,\N,\N,\N,\N,\N,2018-10-28 Mexican Grand Prix,78.741
1008,2018,20,18,Brazilian Grand Prix,2018-11-11,17:10:00,http://en.wikipedia.org/wiki/2018_Brazilian_Grand_Prix,\N,\N,\N,\N,\N,\N,\N,\N,\N,\N,2018-11-11 Brazilian Grand Prix,70.53999999999999
1009,2018,21,24,Abu Dhabi Grand Prix,2018-11-25,13:10:00,http://en.wikipedia.org/wiki/2018_Abu_Dhabi_Grand_Prix,\N,\N,\N,\N,\N,\N,\N,\N,\N,\N,2018-11-25 Abu Dhabi Grand Prix,100.86699999999999
1010,2019,1,1,Australian Grand Prix,2019-03-17,05:10:00,http://en.wikipedia.org/wiki/2019_Australian_Grand_Prix,\N,\N,\N,\N,\N,\N,\N,\N,\N,\N,2019-03-17 Australian Grand Prix,85.58
1011,2019,2,3,Bahrain Grand Prix,2019-03-31,15:10:00,http://en.wikipedia.org/wiki/2019_Bahrain_Grand_Prix,\N,\N,\N,\N,\N,\N,\N,\N,\N,\N,2019-03-31 Bahrain Grand Prix,93.411
1012,2019,3,17,Chinese Grand Prix,2019-04-14,06:10:00,http://en.wikipedia.org/wiki/2019_Chinese_Grand_Prix,\N,\N,\N,\N,\N,\N,\N,\N,\N,\N,2019-04-14 Chinese Grand Prix,94.74199999999999
1013,2019,4,73,Azerbaijan Grand Prix,2019-04-28,12:10:00,http://en.wikipedia.org/wiki/2019_Azerbaijan_Grand_Prix,\N,\N,\N,\N,\N,\N,\N,\N,\N,\N,2019-04-28 Azerbaijan Grand Prix,103.009
1014,2019,5,4,Spanish Grand Prix,2019-05-12,13:10:00,http://en.wikipedia.org/wiki/2019_Spanish_Grand_Prix,\N,\N,\N,\N,\N,\N,\N,\N,\N,\N,2019-05-12 Spanish Grand Prix,78.492
1015,2019,6,6,Monaco Grand Prix,2019-05-26,13:10:00,http://en.wikipedia.org/wiki/2019_Monaco_Grand_Prix,\N,\N,\N,\N,\N,\N,\N,\N,\N,\N,2019-05-26 Monaco Grand Prix,74.279
1016,2019,7,7,Canadian Grand Prix,2019-06-09,18:10:00,http://en.wikipedia.org/wiki/2019_Canadian_Grand_Prix,\N,\N,\N,\N,\N,\N,\N,\N,\N,\N,2019-06-09 Canadian Grand Prix,73.078
1017,2019,8,34,French Grand Prix,2019-06-23,13:10:00,http://en.wikipedia.org/wiki/2019_French_Grand_Prix,\N,\N,\N,\N,\N,\N,\N,\N,\N,\N,2019-06-23 French Grand Prix,92.74000000000001
1018,2019,9,70,Austrian Grand Prix,2019-06-30,13:10:00,http://en.wikipedia.org/wiki/2019_Austrian_Grand_Prix,\N,\N,\N,\N,\N,\N,\N,\N,\N,\N,2019-06-30 Austrian Grand Prix,67.475
1019,2019,10,9,British Grand Prix,2019-07-14,13:10:00,http://en.wikipedia.org/wiki/2019_British_Grand_Prix,\N,\N,\N,\N,\N,\N,\N,\N,\N,\N,2019-07-14 British Grand Prix,87.369
1020,2019,11,10,German Grand Prix,2019-07-28,13:10:00,http://en.wikipedia.org/wiki/2019_German_Grand_Prix,\N,\N,\N,\N,\N,\N,\N,\N,\N,\N,2019-07-28 German Grand Prix,76.645
1021,2019,12,11,Hungarian Grand Prix,2019-08-04,13:10:00,http://en.wikipedia.org/wiki/2019_Hungarian_Grand_Prix,\N,\N,\N,\N,\N,\N,\N,\N,\N,\N,2019-08-04 Hungarian Grand Prix,77.10300000000001
1022,2019,13,13,Belgian Grand Prix,2019-09-01,13:10:00,http://en.wikipedia.org/wiki/2019_Belgian_Grand_Prix,\N,\N,\N,\N,\N,\N,\N,\N,\N,\N,2019-09-01 Belgian Grand Prix,106.40899999999999
1023,2019,14,14,Italian Grand Prix,2019-09-08,13:10:00,http://en.wikipedia.org/wiki/2019_Italian_Grand_Prix,\N,\N,\N,\N,\N,\N,\N,\N,\N,\N,2019-09-08 Italian Grand Prix,81.779
1024,2019,15,15,Singapore Grand Prix,2019-09-22,12:10:00,http://en.wikipedia.org/wiki/2019_Singapore_Grand_Prix,\N,\N,\N,\N,\N,\N,\N,\N,\N,\N,2019-09-22 Singapore Grand Prix,102.301
1025,2019,16,71,Russian Grand Prix,2019-09-29,11:10:00,http://en.wikipedia.org/wiki/2019_Russian_Grand_Prix,\N,\N,\N,\N,\N,\N,\N,\N,\N,\N,2019-09-29 Russian Grand Prix,95.761
1026,2019,17,22,Japanese Grand Prix,2019-10-13,05:10:00,http://en.wikipedia.org/wiki/2019_Japanese_Grand_Prix,\N,\N,\N,\N,\N,\N,\N,\N,\N,\N,2019-10-13 Japanese Grand Prix,90.983
1027,2019,18,32,Mexican Grand Prix,2019-10-27,19:10:00,http://en.wikipedia.org/wiki/2019_Mexican_Grand_Prix,\N,\N,\N,\N,\N,\N,\N,\N,\N,\N,2019-10-27 Mexican Grand Prix,79.232
1028,2019,19,69,United States Grand Prix,2019-11-03,19:10:00,http://en.wikipedia.org/wiki/2019_United_States_Grand_Prix,\N,\N,\N,\N,\N,\N,\N,\N,\N,\N,2019-11-03 United States Grand Prix,96.169
1029,2019,20,18,Brazilian Grand Prix,2019-11-17,17:10:00,http://en.wikipedia.org/wiki/2019_Brazilian_Grand_Prix,\N,\N,\N,\N,\N,\N,\N,\N,\N,\N,2019-11-17 Brazilian Grand Prix,70.69800000000001
1030,2019,21,24,Abu Dhabi Grand Prix,2019-12-01,13:10:00,http://en.wikipedia.org/wiki/2019_Abu_Dhabi_Grand_Prix,\N,\N,\N,\N,\N,\N,\N,\N,\N,\N,2019-12-01 Abu Dhabi Grand Prix,99.283
1031,2020,1,70,Austrian Grand Prix,2020-07-05,13:10:00,http://en.wikipedia.org/wiki/2020_Austrian_Grand_Prix,\N,\N,\N,\N,\N,\N,\N,\N,\N,\N,2020-07-05 Austrian Grand Prix,67.475
1032,2020,2,70,Styrian Grand Prix,2020-07-12,13:10:00,http://en.wikipedia.org/wiki/2020_Styrian_Grand_Prix,\N,\N,\N,\N,\N,\N,\N,\N,\N,\N,2020-07-12 Styrian Grand Prix,65.619
1033,2020,3,11,Hungarian Grand Prix,2020-07-19,13:10:00,http://en.wikipedia.org/wiki/2020_Hungarian_Grand_Prix,\N,\N,\N,\N,\N,\N,\N,\N,\N,\N,2020-07-19 Hungarian Grand Prix,76.627
1034,2020,4,9,British Grand Prix,2020-08-02,13:10:00,http://en.wikipedia.org/wiki/2020_British_Grand_Prix,\N,\N,\N,\N,\N,\N,\N,\N,\N,\N,2020-08-02 British Grand Prix,87.09700000000001
1035,2020,5,9,70th Anniversary Grand Prix,2020-08-09,13:10:00,http://en.wikipedia.org/wiki/70th_Anniversary_Grand_Prix,\N,\N,\N,\N,\N,\N,\N,\N,\N,\N,2020-08-09 70th Anniversary Grand Prix,88.451
1036,2020,6,4,Spanish Grand Prix,2020-08-16,13:10:00,http://en.wikipedia.org/wiki/2020_Spanish_Grand_Prix,\N,\N,\N,\N,\N,\N,\N,\N,\N,\N,2020-08-16 Spanish Grand Prix,78.18299999999999
1037,2020,7,13,Belgian Grand Prix,2020-08-30,13:10:00,http://en.wikipedia.org/wiki/2020_Belgian_Grand_Prix,\N,\N,\N,\N,\N,\N,\N,\N,\N,\N,2020-08-30 Belgian Grand Prix,107.483
1038,2020,8,14,Italian Grand Prix,2020-09-06,13:10:00,http://en.wikipedia.org/wiki/2020_Italian_Grand_Prix,\N,\N,\N,\N,\N,\N,\N,\N,\N,\N,2020-09-06 Italian Grand Prix,82.746
1039,2020,9,76,Tuscan Grand Prix,2020-09-13,13:10:00,http://en.wikipedia.org/wiki/2020_Tuscan_Grand_Prix,\N,\N,\N,\N,\N,\N,\N,\N,\N,\N,2020-09-13 Tuscan Grand Prix,78.833
1040,2020,10,71,Russian Grand Prix,2020-09-27,11:10:00,http://en.wikipedia.org/wiki/2020_Russian_Grand_Prix,\N,\N,\N,\N,\N,\N,\N,\N,\N,\N,2020-09-27 Russian Grand Prix,97.03
1041,2020,11,20,Eifel Grand Prix,2020-10-11,13:10:00,http://en.wikipedia.org/wiki/2020_Eifel_Grand_Prix,\N,\N,\N,\N,\N,\N,\N,\N,\N,\N,2020-10-11 Eifel Grand Prix,88.139
1042,2020,12,75,Portuguese Grand Prix,2020-10-25,12:10:00,http://en.wikipedia.org/wiki/2020_Portuguese_Grand_Prix,\N,\N,\N,\N,\N,\N,\N,\N,\N,\N,2020-10-25 Portuguese Grand Prix,78.75
1043,2020,13,21,Emilia Romagna Grand Prix,2020-11-01,12:10:00,http://en.wikipedia.org/wiki/2020_Emilia_Romagna_Grand_Prix,\N,\N,\N,\N,\N,\N,\N,\N,\N,\N,2020-11-01 Emilia Romagna Grand Prix,75.484
1044,2020,14,5,Turkish Grand Prix,2020-11-15,10:10:00,http://en.wikipedia.org/wiki/2020_Turkish_Grand_Prix,\N,\N,\N,\N,\N,\N,\N,\N,\N,\N,2020-11-15 Turkish Grand Prix,96.806
1045,2020,15,3,Bahrain Grand Prix,2020-11-29,14:10:00,http://en.wikipedia.org/wiki/2020_Bahrain_Grand_Prix,\N,\N,\N,\N,\N,\N,\N,\N,\N,\N,2020-11-29 Bahrain Grand Prix,92.01400000000001
1046,2020,16,3,Sakhir Grand Prix,2020-12-06,17:10:00,http://en.wikipedia.org/wiki/2020_Sakhir_Grand_Prix,\N,\N,\N,\N,\N,\N,\N,\N,\N,\N,2020-12-06 Sakhir Grand Prix,55.404
1047,2020,17,24,Abu Dhabi Grand Prix,2020-12-13,13:10:00,http://en.wikipedia.org/wiki/2020_Abu_Dhabi_Grand_Prix,\N,\N,\N,\N,\N,\N,\N,\N,\N,\N,2020-12-13 Abu Dhabi Grand Prix,100.926
1053,2021,2,21,Emilia Romagna Grand Prix,2021-04-18,13:00:00,http://en.wikipedia.org/wiki/2021_Emilia_Romagna_Grand_Prix,2021-04-16,\N,2021-04-16,\N,2021-04-17,\N,2021-04-17,\N,\N,\N,2021-04-18 Emilia Romagna Grand Prix,76.702
1074,2022,1,3,Bahrain Grand Prix,2022-03-20,15:00:00,http://en.wikipedia.org/wiki/2022_Bahrain_Grand_Prix,2022-03-18,12:00:00,2022-03-18,15:00:00,2022-03-19,12:00:00,2022-03-19,15:00:00,\N,\N,2022-03-20 Bahrain Grand Prix,94.57
1052,2021,1,3,Bahrain Grand Prix,2021-03-28,15:00:00,http://en.wikipedia.org/wiki/2021_Bahrain_Grand_Prix,2021-03-26,\N,2021-03-26,\N,2021-03-27,\N,2021-03-27,\N,\N,\N,2021-03-28 Bahrain Grand Prix,92.09
1051,2021,20,78,Qatar Grand Prix,2021-11-21,14:00:00,http://en.wikipedia.org/wiki/2021_Qatar_Grand_Prix,2021-11-19,\N,2021-11-19,\N,2021-11-20,\N,2021-11-20,\N,\N,\N,2021-11-21 Qatar Grand Prix,83.196
1054,2021,3,75,Portuguese Grand Prix,2021-05-02,14:00:00,http://en.wikipedia.org/wiki/2021_Portuguese_Grand_Prix,2021-04-30,\N,2021-04-30,\N,2021-05-01,\N,2021-05-01,\N,\N,\N,2021-05-02 Portuguese Grand Prix,79.865
1055,2021,4,4,Spanish Grand Prix,2021-05-09,13:00:00,http://en.wikipedia.org/wiki/2021_Spanish_Grand_Prix,2021-05-07,\N,2021-05-07,\N,2021-05-08,\N,2021-05-08,\N,\N,\N,2021-05-09 Spanish Grand Prix,78.149
1056,2021,5,6,Monaco Grand Prix,2021-05-23,13:00:00,http://en.wikipedia.org/wiki/2021_Monaco_Grand_Prix,2021-05-21,\N,2021-05-21,\N,2021-05-22,\N,2021-05-22,\N,\N,\N,2021-05-23 Monaco Grand Prix,72.909
1057,2021,6,73,Azerbaijan Grand Prix,2021-06-06,12:00:00,http://en.wikipedia.org/wiki/2021_Azerbaijan_Grand_Prix,2021-06-04,\N,2021-06-04,\N,2021-06-05,\N,2021-06-05,\N,\N,\N,2021-06-06 Azerbaijan Grand Prix,104.481
1058,2021,8,70,Styrian Grand Prix,2021-06-27,13:00:00,http://en.wikipedia.org/wiki/2021_Styrian_Grand_Prix,2021-06-25,\N,2021-06-25,\N,2021-06-26,\N,2021-06-26,\N,\N,\N,2021-06-27 Styrian Grand Prix,67.05799999999999
1059,2021,7,34,French Grand Prix,2021-06-20,13:00:00,http://en.wikipedia.org/wiki/2021_French_Grand_Prix,2021-06-18,\N,2021-06-18,\N,2021-06-19,\N,2021-06-19,\N,\N,\N,2021-06-20 French Grand Prix,96.404
1060,2021,9,70,Austrian Grand Prix,2021-07-04,13:00:00,http://en.wikipedia.org/wiki/2021_Austrian_Grand_Prix,2021-07-02,\N,2021-07-02,\N,2021-07-03,\N,2021-07-03,\N,\N,\N,2021-07-04 Austrian Grand Prix,66.2
1061,2021,10,9,British Grand Prix,2021-07-18,14:00:00,http://en.wikipedia.org/wiki/2021_British_Grand_Prix,2021-07-16,\N,2021-07-17,\N,\N,\N,2021-07-16,\N,2021-07-17,\N,2021-07-18 British Grand Prix,88.617
1062,2021,11,11,Hungarian Grand Prix,2021-08-01,13:00:00,http://en.wikipedia.org/wiki/2021_Hungarian_Grand_Prix,2021-07-30,\N,2021-07-30,\N,2021-07-31,\N,2021-07-31,\N,\N,\N,2021-08-01 Hungarian Grand Prix,78.394
1064,2021,13,39,Dutch Grand Prix,2021-09-05,13:00:00,http://en.wikipedia.org/wiki/2021_Dutch_Grand_Prix,2021-09-03,\N,2021-09-03,\N,2021-09-04,\N,2021-09-04,\N,\N,\N,2021-09-05 Dutch Grand Prix,71.097
1065,2021,14,14,Italian Grand Prix,2021-09-12,13:00:00,http://en.wikipedia.org/wiki/2021_Italian_Grand_Prix,2021-09-10,\N,2021-09-11,\N,\N,\N,2021-09-10,\N,2021-09-11,\N,2021-09-12 Italian Grand Prix,84.812
1066,2021,15,71,Russian Grand Prix,2021-09-26,12:00:00,http://en.wikipedia.org/wiki/2021_Russian_Grand_Prix,2021-09-24,\N,2021-09-24,\N,2021-09-25,\N,2021-09-25,\N,\N,\N,2021-09-26 Russian Grand Prix,97.423
1067,2021,16,5,Turkish Grand Prix,2021-10-10,12:00:00,http://en.wikipedia.org/wiki/2021_Turkish_Grand_Prix,2021-10-08,\N,2021-10-08,\N,2021-10-09,\N,2021-10-09,\N,\N,\N,2021-10-10 Turkish Grand Prix,90.432
1069,2021,17,69,United States Grand Prix,2021-10-24,19:00:00,http://en.wikipedia.org/wiki/2021_United_States_Grand_Prix,2021-10-22,\N,2021-10-22,\N,2021-10-23,\N,2021-10-23,\N,\N,\N,2021-10-24 United States Grand Prix,98.485
1070,2021,18,32,Mexico City Grand Prix,2021-11-07,19:00:00,http://en.wikipedia.org/wiki/2021_Mexican_Grand_Prix,2021-11-05,\N,2021-11-05,\N,2021-11-06,\N,2021-11-06,\N,\N,\N,2021-11-07 Mexico City Grand Prix,77.774
1071,2021,19,18,So Paulo Grand Prix,2021-11-14,17:00:00,http://en.wikipedia.org/wiki/2021_S%C3%A3o_Paulo_Grand_Prix,2021-11-12,\N,2021-11-13,\N,\N,\N,2021-11-12,\N,2021-11-13,\N,2021-11-14 So Paulo Grand Prix,71.01
1072,2021,21,77,Saudi Arabian Grand Prix,2021-12-05,17:30:00,http://en.wikipedia.org/wiki/2021_Saudi_Arabian_Grand_Prix,2021-12-03,\N,2021-12-03,\N,2021-12-04,\N,2021-12-04,\N,\N,\N,2021-12-05 Saudi Arabian Grand Prix,90.73400000000001
1073,2021,22,24,Abu Dhabi Grand Prix,2021-12-12,13:00:00,http://en.wikipedia.org/wiki/2021_Abu_Dhabi_Grand_Prix,2021-12-10,\N,2021-12-10,\N,2021-12-11,\N,2021-12-11,\N,\N,\N,2021-12-12 Abu Dhabi Grand Prix,86.10300000000001
1075,2022,2,77,Saudi Arabian Grand Prix,2022-03-27,17:00:00,http://en.wikipedia.org/wiki/2022_Saudi_Arabian_Grand_Prix,2022-03-25,14:00:00,2022-03-25,17:00:00,2022-03-26,14:00:00,2022-03-26,17:00:00,\N,\N,2022-03-27 Saudi Arabian Grand Prix,91.634
1076,2022,3,1,Australian Grand Prix,2022-04-10,05:00:00,http://en.wikipedia.org/wiki/2022_Australian_Grand_Prix,2022-04-08,03:00:00,2022-04-08,06:00:00,2022-04-09,03:00:00,2022-04-09,06:00:00,\N,\N,2022-04-10 Australian Grand Prix,80.26
1077,2022,4,21,Emilia Romagna Grand Prix,2022-04-24,13:00:00,http://en.wikipedia.org/wiki/2022_Emilia_Romagna_Grand_Prix,2022-04-22,11:30:00,2022-04-23,10:30:00,\N,\N,2022-04-22,15:00:00,2022-04-23,14:30:00,2022-04-24 Emilia Romagna Grand Prix,78.446
1078,2022,5,79,Miami Grand Prix,2022-05-08,19:30:00,http://en.wikipedia.org/wiki/2022_Miami_Grand_Prix,2022-05-06,18:30:00,2022-05-06,21:30:00,2022-05-07,17:00:00,2022-05-07,20:00:00,\N,\N,2022-05-08 Miami Grand Prix,91.361
1079,2022,6,4,Spanish Grand Prix,2022-05-22,13:00:00,http://en.wikipedia.org/wiki/2022_Spanish_Grand_Prix,2022-05-20,12:00:00,2022-05-20,15:00:00,2022-05-21,11:00:00,2022-05-21,14:00:00,\N,\N,2022-05-22 Spanish Grand Prix,84.108
1080,2022,7,6,Monaco Grand Prix,2022-05-29,13:00:00,http://en.wikipedia.org/wiki/2022_Monaco_Grand_Prix,2022-05-27,12:00:00,2022-05-27,15:00:00,2022-05-28,11:00:00,2022-05-28,14:00:00,\N,\N,2022-05-29 Monaco Grand Prix,74.693
1081,2022,8,73,Azerbaijan Grand Prix,2022-06-12,11:00:00,http://en.wikipedia.org/wiki/2022_Azerbaijan_Grand_Prix,2022-06-10,11:00:00,2022-06-10,14:00:00,2022-06-11,11:00:00,2022-06-11,14:00:00,\N,\N,2022-06-12 Azerbaijan Grand Prix,106.04599999999999
1082,2022,9,7,Canadian Grand Prix,2022-06-19,18:00:00,http://en.wikipedia.org/wiki/2022_Canadian_Grand_Prix,2022-06-17,18:00:00,2022-06-17,21:00:00,2022-06-18,17:00:00,2022-06-18,20:00:00,\N,\N,2022-06-19 Canadian Grand Prix,75.749
1083,2022,10,9,British Grand Prix,2022-07-03,14:00:00,http://en.wikipedia.org/wiki/2022_British_Grand_Prix,2022-07-01,12:00:00,2022-07-01,15:00:00,2022-07-02,11:00:00,2022-07-02,14:00:00,\N,\N,2022-07-03 British Grand Prix,90.51
1084,2022,11,70,Austrian Grand Prix,2022-07-10,13:00:00,http://en.wikipedia.org/wiki/2022_Austrian_Grand_Prix,2022-07-08,11:30:00,2022-07-09,10:30:00,\N,\N,2022-07-08,15:00:00,2022-07-09,14:30:00,2022-07-10 Austrian Grand Prix,67.275
1085,2022,12,34,French Grand Prix,2022-07-24,13:00:00,http://en.wikipedia.org/wiki/2022_French_Grand_Prix,2022-07-22,12:00:00,2022-07-22,15:00:00,2022-07-23,11:00:00,2022-07-23,14:00:00,\N,\N,2022-07-24 French Grand Prix,95.781
1086,2022,13,11,Hungarian Grand Prix,2022-07-31,13:00:00,http://en.wikipedia.org/wiki/2022_Hungarian_Grand_Prix,2022-07-29,12:00:00,2022-07-29,15:00:00,2022-07-30,11:00:00,2022-07-30,14:00:00,\N,\N,2022-07-31 Hungarian Grand Prix,81.386
1087,2022,14,13,Belgian Grand Prix,2022-08-28,13:00:00,http://en.wikipedia.org/wiki/2022_Belgian_Grand_Prix,2022-08-26,12:00:00,2022-08-26,15:00:00,2022-08-27,11:00:00,2022-08-27,14:00:00,\N,\N,2022-08-28 Belgian Grand Prix,109.354
1088,2022,15,39,Dutch Grand Prix,2022-09-04,13:00:00,http://en.wikipedia.org/wiki/2022_Dutch_Grand_Prix,2022-09-02,10:30:00,2022-09-02,14:00:00,2022-09-03,10:00:00,2022-09-03,13:00:00,\N,\N,2022-09-04 Dutch Grand Prix,73.652
1089,2022,16,14,Italian Grand Prix,2022-09-11,13:00:00,http://en.wikipedia.org/wiki/2022_Italian_Grand_Prix,2022-09-09,12:00:00,2022-09-09,15:00:00,2022-09-10,11:00:00,2022-09-10,14:00:00,\N,\N,2022-09-11 Italian Grand Prix,84.03
1091,2022,17,15,Singapore Grand Prix,2022-10-02,12:00:00,http://en.wikipedia.org/wiki/2022_Singapore_Grand_Prix,2022-09-30,10:00:00,2022-09-30,13:00:00,2022-10-01,10:00:00,2022-10-01,13:00:00,\N,\N,2022-10-02 Singapore Grand Prix,106.458
1092,2022,18,22,Japanese Grand Prix,2022-10-09,05:00:00,http://en.wikipedia.org/wiki/2022_Japanese_Grand_Prix,2022-10-07,03:00:00,2022-10-07,06:00:00,2022-10-08,03:00:00,2022-10-08,06:00:00,\N,\N,2022-10-09 Japanese Grand Prix,104.411
1093,2022,19,69,United States Grand Prix,2022-10-23,19:00:00,http://en.wikipedia.org/wiki/2022_United_States_Grand_Prix,2022-10-21,19:00:00,2022-10-21,22:00:00,2022-10-22,19:00:00,2022-10-22,22:00:00,\N,\N,2022-10-23 United States Grand Prix,98.788
1094,2022,20,32,Mexico City Grand Prix,2022-10-30,20:00:00,http://en.wikipedia.org/wiki/2022_Mexican_Grand_Prix,2022-10-28,18:00:00,2022-10-28,21:00:00,2022-10-29,17:00:00,2022-10-29,20:00:00,\N,\N,2022-10-30 Mexico City Grand Prix,80.15299999999999
1095,2022,21,18,So Paulo Grand Prix,2022-11-13,18:00:00,http://en.wikipedia.org/wiki/2022_Brazilian_Grand_Prix,2022-11-11,15:30:00,2022-11-12,15:30:00,\N,\N,2022-11-11,19:00:00,2022-11-12,19:30:00,2022-11-13 So Paulo Grand Prix,73.785
1096,2022,22,24,Abu Dhabi Grand Prix,2022-11-20,13:00:00,http://en.wikipedia.org/wiki/2022_Abu_Dhabi_Grand_Prix,2022-11-18,10:00:00,2022-11-18,13:00:00,2022-11-19,11:00:00,2022-11-19,14:00:00,\N,\N,2022-11-20 Abu Dhabi Grand Prix,88.39099999999999
1098,2023,1,3,Bahrain Grand Prix,2023-03-05,15:00:00,https://en.wikipedia.org/wiki/2023_Bahrain_Grand_Prix,2023-03-03,11:30:00,2023-03-03,15:00:00,2023-03-04,11:30:00,2023-03-04,15:00:00,\N,\N,2023-03-05 Bahrain Grand Prix,93.99600000000001
1099,2023,2,77,Saudi Arabian Grand Prix,2023-03-19,17:00:00,https://en.wikipedia.org/wiki/2023_Saudi_Arabian_Grand_Prix,2023-03-17,13:30:00,2023-03-17,17:00:00,2023-03-18,13:30:00,2023-03-18,17:00:00,\N,\N,2023-03-19 Saudi Arabian Grand Prix,91.906
1100,2023,3,1,Australian Grand Prix,2023-04-02,05:00:00,https://en.wikipedia.org/wiki/2023_Australian_Grand_Prix,2023-03-31,01:30:00,2023-03-31,05:00:00,2023-04-01,01:30:00,2023-04-01,05:00:00,\N,\N,2023-04-02 Australian Grand Prix,80.235
1101,2023,4,73,Azerbaijan Grand Prix,2023-04-30,11:00:00,https://en.wikipedia.org/wiki/2023_Azerbaijan_Grand_Prix,2023-04-28,09:30:00,2023-04-29,09:30:00,\N,\N,2023-04-28,13:00:00,2023-04-29,13:30:00,2023-04-30 Azerbaijan Grand Prix,103.37
1102,2023,5,79,Miami Grand Prix,2023-05-07,19:30:00,https://en.wikipedia.org/wiki/2023_Miami_Grand_Prix,2023-05-05,18:00:00,2023-05-05,21:30:00,2023-05-06,16:30:00,2023-05-06,20:00:00,\N,\N,2023-05-07 Miami Grand Prix,89.708
1104,2023,6,6,Monaco Grand Prix,2023-05-28,13:00:00,https://en.wikipedia.org/wiki/2023_Monaco_Grand_Prix,2023-05-26,11:30:00,2023-05-26,15:00:00,2023-05-27,10:30:00,2023-05-27,14:00:00,\N,\N,2023-05-28 Monaco Grand Prix,75.65
1105,2023,7,4,Spanish Grand Prix,2023-06-04,13:00:00,https://en.wikipedia.org/wiki/2023_Spanish_Grand_Prix,2023-06-02,11:30:00,2023-06-02,15:00:00,2023-06-03,10:30:00,2023-06-03,14:00:00,\N,\N,2023-06-04 Spanish Grand Prix,76.33
1106,2023,8,7,Canadian Grand Prix,2023-06-18,18:00:00,https://en.wikipedia.org/wiki/2023_Canadian_Grand_Prix,2023-06-16,17:30:00,2023-06-16,21:00:00,2023-06-17,16:30:00,2023-06-17,20:00:00,\N,\N,2023-06-18 Canadian Grand Prix,74.481
1107,2023,9,70,Austrian Grand Prix,2023-07-02,13:00:00,https://en.wikipedia.org/wiki/2023_Austrian_Grand_Prix,2023-06-30,11:30:00,2023-07-01,10:30:00,\N,\N,2023-06-30,15:00:00,2023-07-01,14:30:00,2023-07-02 Austrian Grand Prix,67.012
1108,2023,10,9,British Grand Prix,2023-07-09,14:00:00,https://en.wikipedia.org/wiki/2023_British_Grand_Prix,2023-07-07,11:30:00,2023-07-07,15:00:00,2023-07-08,10:30:00,2023-07-08,14:00:00,\N,\N,2023-07-09 British Grand Prix,90.275
1109,2023,11,11,Hungarian Grand Prix,2023-07-23,13:00:00,https://en.wikipedia.org/wiki/2023_Hungarian_Grand_Prix,2023-07-21,11:30:00,2023-07-21,15:00:00,2023-07-22,10:30:00,2023-07-22,14:00:00,\N,\N,2023-07-23 Hungarian Grand Prix,80.504
1110,2023,12,13,Belgian Grand Prix,2023-07-30,13:00:00,https://en.wikipedia.org/wiki/2023_Belgian_Grand_Prix,2023-07-28,11:30:00,2023-07-29,10:30:00,\N,\N,2023-07-28,15:00:00,2023-07-29,14:30:00,2023-07-30 Belgian Grand Prix,107.305
1111,2023,13,39,Dutch Grand Prix,2023-08-27,13:00:00,https://en.wikipedia.org/wiki/2023_Dutch_Grand_Prix,2023-08-25,10:30:00,2023-08-25,14:00:00,2023-08-26,09:30:00,2023-08-26,13:00:00,\N,\N,2023-08-27 Dutch Grand Prix,73.837
1112,2023,14,14,Italian Grand Prix,2023-09-03,13:00:00,https://en.wikipedia.org/wiki/2023_Italian_Grand_Prix,2023-09-01,11:30:00,2023-09-01,15:00:00,2023-09-02,10:30:00,2023-09-02,14:00:00,\N,\N,2023-09-03 Italian Grand Prix,85.072
1113,2023,15,15,Singapore Grand Prix,2023-09-17,12:00:00,https://en.wikipedia.org/wiki/2023_Singapore_Grand_Prix,2023-09-15,09:30:00,2023-09-15,13:00:00,2023-09-16,09:30:00,2023-09-16,13:00:00,\N,\N,2023-09-17 Singapore Grand Prix,95.86699999999999
1114,2023,16,22,Japanese Grand Prix,2023-09-24,05:00:00,https://en.wikipedia.org/wiki/2023_Japanese_Grand_Prix,2023-09-22,02:30:00,2023-09-22,06:00:00,2023-09-23,02:30:00,2023-09-23,06:00:00,\N,\N,2023-09-24 Japanese Grand Prix,94.18299999999999
1115,2023,17,78,Qatar Grand Prix,2023-10-08,17:00:00,https://en.wikipedia.org/wiki/2023_Qatar_Grand_Prix,2023-10-06,13:30:00,2023-10-07,13:00:00,\N,\N,2023-10-06,17:00:00,2023-10-07,17:30:00,2023-10-08 Qatar Grand Prix,84.319
1116,2023,18,69,United States Grand Prix,2023-10-22,19:00:00,https://en.wikipedia.org/wiki/2023_United_States_Grand_Prix,2023-10-20,17:30:00,2023-10-21,18:00:00,\N,\N,2023-10-20,21:00:00,2023-10-21,22:00:00,2023-10-22 United States Grand Prix,98.13900000000001
1117,2023,19,32,Mexico City Grand Prix,2023-10-29,20:00:00,https://en.wikipedia.org/wiki/2023_Mexico_City_Grand_Prix,2023-10-27,18:30:00,2023-10-27,22:00:00,2023-10-28,17:30:00,2023-10-28,21:00:00,\N,\N,2023-10-29 Mexico City Grand Prix,81.334
1118,2023,20,18,So Paulo Grand Prix,2023-11-05,17:00:00,https://en.wikipedia.org/wiki/2023_S%C3%A3o_Paulo_Grand_Prix,2023-11-03,14:30:00,2023-11-04,14:30:00,\N,\N,2023-11-03,18:00:00,2023-11-04,18:30:00,2023-11-05 So Paulo Grand Prix,72.486
1119,2023,21,80,Las Vegas Grand Prix,2023-11-19,06:00:00,https://en.wikipedia.org/wiki/2023_Las_Vegas_Grand_Prix,2023-11-16,04:30:00,2023-11-16,08:00:00,2023-11-17,04:30:00,2023-11-17,08:00:00,\N,\N,2023-11-19 Las Vegas Grand Prix,95.49000000000001
1120,2023,22,24,Abu Dhabi Grand Prix,2023-11-26,13:00:00,https://en.wikipedia.org/wiki/2023_Abu_Dhabi_Grand_Prix,2023-11-24,09:30:00,2023-11-24,13:00:00,2023-11-25,10:30:00,2023-11-25,14:00:00,\N,\N,2023-11-26 Abu Dhabi Grand Prix,86.993
1121,2024,1,3,Bahrain Grand Prix,2024-03-02,15:00:00,https://en.wikipedia.org/wiki/2024_Bahrain_Grand_Prix,2024-02-29,11:30:00,2024-02-29,15:00:00,2024-03-01,12:30:00,2024-03-01,16:00:00,\N,\N,2024-03-02 Bahrain Grand Prix,92.608
1122,2024,2,77,Saudi Arabian Grand Prix,2024-03-09,17:00:00,https://en.wikipedia.org/wiki/2024_Saudi_Arabian_Grand_Prix,2024-03-07,13:30:00,2024-03-07,17:00:00,2024-03-08,13:30:00,2024-03-08,17:00:00,\N,\N,2024-03-09 Saudi Arabian Grand Prix,91.632
1123,2024,3,1,Australian Grand Prix,2024-03-24,04:00:00,https://en.wikipedia.org/wiki/2024_Australian_Grand_Prix,2024-03-22,01:30:00,2024-03-22,05:00:00,2024-03-23,01:30:00,2024-03-23,05:00:00,\N,\N,2024-03-24 Australian Grand Prix,79.813
1124,2024,4,22,Japanese Grand Prix,2024-04-07,05:00:00,https://en.wikipedia.org/wiki/2024_Japanese_Grand_Prix,2024-04-05,02:30:00,2024-04-05,06:00:00,2024-04-06,02:30:00,2024-04-06,06:00:00,\N,\N,2024-04-07 Japanese Grand Prix,93.706
1125,2024,5,17,Chinese Grand Prix,2024-04-21,07:00:00,https://en.wikipedia.org/wiki/2024_Chinese_Grand_Prix,2024-04-19,03:30:00,2024-04-19,07:30:00,\N,\N,2024-04-20,07:00:00,2024-04-20,03:00:00,2024-04-21 Chinese Grand Prix,97.81
1126,2024,6,79,Miami Grand Prix,2024-05-05,20:00:00,https://en.wikipedia.org/wiki/2024_Miami_Grand_Prix,2024-05-03,16:30:00,2024-05-03,20:30:00,\N,\N,2024-05-04,20:00:00,2024-05-04,16:00:00,2024-05-05 Miami Grand Prix,90.634
1127,2024,7,21,Emilia Romagna Grand Prix,2024-05-19,13:00:00,https://en.wikipedia.org/wiki/2024_Emilia_Romagna_Grand_Prix,2024-05-17,11:30:00,2024-05-17,15:00:00,2024-05-18,10:30:00,2024-05-18,14:00:00,\N,\N,2024-05-19 Emilia Romagna Grand Prix,78.589
1129,2024,9,7,Canadian Grand Prix,2024-06-09,18:00:00,https://en.wikipedia.org/wiki/2024_Canadian_Grand_Prix,2024-06-07,17:30:00,2024-06-07,21:00:00,2024-06-08,16:30:00,2024-06-08,20:00:00,\N,\N,2024-06-09 Canadian Grand Prix,74.856
1130,2024,10,4,Spanish Grand Prix,2024-06-23,13:00:00,https://en.wikipedia.org/wiki/2024_Spanish_Grand_Prix,2024-06-21,11:30:00,2024-06-21,15:00:00,2024-06-22,10:30:00,2024-06-22,14:00:00,\N,\N,2024-06-23 Spanish Grand Prix,77.115
1131,2024,11,70,Austrian Grand Prix,2024-06-30,13:00:00,https://en.wikipedia.org/wiki/2024_Austrian_Grand_Prix,2024-06-28,10:30:00,2024-06-28,14:30:00,\N,\N,2024-06-29,14:00:00,2024-06-29,10:00:00,2024-06-30 Austrian Grand Prix,67.694
1132,2024,12,9,British Grand Prix,2024-07-07,14:00:00,https://en.wikipedia.org/wiki/2024_British_Grand_Prix,2024-07-05,11:30:00,2024-07-05,15:00:00,2024-07-06,10:30:00,2024-07-06,14:00:00,\N,\N,2024-07-07 British Grand Prix,88.293
1133,2024,13,11,Hungarian Grand Prix,2024-07-21,13:00:00,https://en.wikipedia.org/wiki/2024_Hungarian_Grand_Prix,2024-07-19,11:30:00,2024-07-19,15:00:00,2024-07-20,10:30:00,2024-07-20,14:00:00,\N,\N,2024-07-21 Hungarian Grand Prix,80.305
1134,2024,14,13,Belgian Grand Prix,2024-07-28,13:00:00,https://en.wikipedia.org/wiki/2024_Belgian_Grand_Prix,2024-07-26,11:30:00,2024-07-26,15:00:00,2024-07-27,10:30:00,2024-07-27,14:00:00,\N,\N,2024-07-28 Belgian Grand Prix,104.701
1135,2024,15,39,Dutch Grand Prix,2024-08-25,13:00:00,https://en.wikipedia.org/wiki/2024_Dutch_Grand_Prix,2024-08-23,10:30:00,2024-08-23,14:00:00,2024-08-24,09:30:00,2024-08-24,13:00:00,\N,\N,2024-08-25 Dutch Grand Prix,73.81700000000001
1136,2024,16,14,Italian Grand Prix,2024-09-01,13:00:00,https://en.wikipedia.org/wiki/2024_Italian_Grand_Prix,2024-08-30,11:30:00,2024-08-30,15:00:00,2024-08-31,10:30:00,2024-08-31,14:00:00,\N,\N,2024-09-01 Italian Grand Prix,81.432
1137,2024,17,73,Azerbaijan Grand Prix,2024-09-15,11:00:00,https://en.wikipedia.org/wiki/2024_Azerbaijan_Grand_Prix,2024-09-13,09:30:00,2024-09-13,13:00:00,2024-09-14,08:30:00,2024-09-14,12:00:00,\N,\N,2024-09-15 Azerbaijan Grand Prix,105.255
1138,2024,18,15,Singapore Grand Prix,2024-09-22,12:00:00,https://en.wikipedia.org/wiki/2024_Singapore_Grand_Prix,2024-09-20,09:30:00,2024-09-20,13:00:00,2024-09-21,09:30:00,2024-09-21,13:00:00,\N,\N,2024-09-22 Singapore Grand Prix,94.48599999999999
1139,2024,19,69,United States Grand Prix,2024-10-20,19:00:00,https://en.wikipedia.org/wiki/2024_United_States_Grand_Prix,2024-10-18,17:30:00,2024-10-18,21:30:00,\N,\N,2024-10-19,22:00:00,2024-10-19,18:00:00,2024-10-20 United States Grand Prix,97.33
1140,2024,20,32,Mexico City Grand Prix,2024-10-27,20:00:00,https://en.wikipedia.org/wiki/2024_Mexico_City_Grand_Prix,2024-10-25,18:30:00,2024-10-25,22:00:00,2024-10-26,17:30:00,2024-10-26,21:00:00,\N,\N,2024-10-27 Mexico City Grand Prix,78.336
1141,2024,21,18,So Paulo Grand Prix,2024-11-03,17:00:00,https://en.wikipedia.org/wiki/2024_S%C3%A3o_Paulo_Grand_Prix,2024-11-01,14:30:00,2024-11-01,18:30:00,\N,\N,2024-11-02,18:00:00,2024-11-02,14:00:00,2024-11-03 So Paulo Grand Prix,80.47200000000001
1142,2024,22,80,Las Vegas Grand Prix,2024-11-23,06:00:00,https://en.wikipedia.org/wiki/2024_Las_Vegas_Grand_Prix,2024-11-21,02:30:00,2024-11-21,06:00:00,2024-11-22,02:30:00,2024-11-22,06:00:00,\N,\N,2024-11-23 Las Vegas Grand Prix,94.876
1143,2024,23,78,Qatar Grand Prix,2024-12-01,17:00:00,https://en.wikipedia.org/wiki/2024_Qatar_Grand_Prix,2024-11-29,13:30:00,2024-11-29,17:30:00,\N,\N,2024-11-30,17:00:00,2024-11-30,13:00:00,2024-12-01 Qatar Grand Prix,82.384
1144,2024,24,24,Abu Dhabi Grand Prix,2024-12-08,13:00:00,https://en.wikipedia.org/wiki/2024_Abu_Dhabi_Grand_Prix,2024-12-06,09:30:00,2024-12-06,13:00:00,2024-12-07,10:30:00,2024-12-07,14:00:00,\N,\N,2024-12-08 Abu Dhabi Grand Prix,85.637
